num_posts_x,SEVERE_TOXICITY80p_x,fixation_dict_incels_x,fixation_dict_td_x,NegativeEmotion_x,CoreHostility_x,We_x,They_x,length_x,count_repeated_x,num_posts_y,SEVERE_TOXICITY80p_y,fixation_dict_incels_y,fixation_dict_td_y,NegativeEmotion_y,CoreHostility_y,We_y,They_y,length_y,count_repeated_y,ptile
1535,5.928338762214984,2.2878259425344627,0.04152134196977247,1.9847201461551236,3.9735924265072247,0.32386646736422525,1.079554891214084,45.0,24084,1034,6.382978723404255,2.0571555654397864,0.022239519626376072,2.3740687201156456,4.086511731346603,0.28911375514288895,0.9396197042143889,46.5,17986,4
63,0.0,1.3584905660377358,0.0,2.339622641509434,4.0,0.5283018867924528,1.0566037735849056,79.0,1325,2,0.0,6.25,0.0,12.5,25.0,0.0,0.0,46.5,16,2
116,13.793103448275861,2.3185747969609642,0.06549646319098767,2.6853549908304952,3.7856955724390886,1.1658370447995807,2.0434896515588155,222.5,7634,12,0.0,1.056338028169014,0.0,2.464788732394366,3.169014084507042,1.7605633802816902,0.8802816901408451,82.5,568,3
1255,14.342629482071715,3.1072298943948007,0.060926076360682375,5.325954508529651,9.545085296506905,0.8072705117790414,1.274370430544273,59.0,19696,460,4.130434782608695,2.78299470718798,0.034147174321324913,3.9098514597917022,6.402595185248421,0.4695236469182175,0.9305105002561037,88.0,11714,4
1,0.0,0.0,0.0,0.0,0.0,0.0,0.0,62.0,11,101,1.9801980198019802,0.9402914903620121,0.04701457451810061,2.1626704278326283,3.7611659614480484,0.14104372355430184,0.5171603196991067,71.0,2127,1
244,2.0491803278688523,1.7137096774193548,0.06300403225806452,2.331149193548387,3.679435483870968,0.6300403225806451,1.3860887096774193,130.0,7936,241,1.2448132780082988,1.747487986020096,0.0327653997378768,2.271734381826125,3.5058977719528177,0.4477937964176496,1.3543031891655744,160.0,9156,3
68,5.88235294117647,5.656565656565657,0.0,3.0303030303030303,8.686868686868687,0.0,0.40404040404040403,27.0,495,57,7.017543859649122,2.1505376344086025,0.0,4.838709677419355,6.048387096774194,0.5376344086021506,0.9408602150537635,45.0,744,2
151,1.9867549668874174,0.8794619762027935,0.0,1.6554578375581996,2.8970512157268495,0.7759958613554061,1.603724780134506,55.0,1933,3,0.0,0.0,0.0,0.0,0.0,3.8461538461538463,0.0,32.0,26,3
9,0.0,1.2195121951219512,0.0,1.2195121951219512,1.8292682926829267,0.6097560975609756,0.0,55.0,164,3,0.0,2.857142857142857,0.0,2.857142857142857,11.428571428571429,0.0,0.0,78.0,35,1
165,1.2121212121212122,2.149740548554485,0.0,1.630837657524092,2.2979985174203117,0.6671608598962194,0.815418828762046,32.0,1349,1,0.0,0.0,0.0,0.0,0.0,0.0,0.0,152.0,21,3
712,2.106741573033708,1.4191613559685106,0.026776629357896427,2.7526374979917527,4.4502757992823865,0.6426391045895142,1.2156589728484979,98.0,18673,90,0.0,1.1522633744855968,0.0411522633744856,2.42798353909465,3.0864197530864197,1.0699588477366255,1.8106995884773662,110.5,2430,4
358,3.35195530726257,2.265069262448521,0.037439161362785474,2.3025084238113065,4.118307749906402,0.4867090977162112,0.8049419692998877,62.5,5342,429,3.7296037296037294,2.0754295916090157,0.08926578888640928,3.4590493193483596,5.936174960946217,0.6694934166480696,0.9372907833072975,49.0,4481,3
40,20.0,4.62046204620462,0.16501650165016502,2.9702970297029703,7.590759075907591,1.3201320132013201,4.125412541254125,62.0,606,139,17.26618705035971,5.094654788418708,0.027839643652561245,3.3129175946547886,8.101336302895323,0.19487750556792874,2.700445434298441,78.0,3592,2
923,8.234019501625136,1.929604314874227,0.06974473427256242,3.2733528618589296,5.76556469986516,0.9345794392523363,1.7110708141535313,83.0,21507,214,10.74766355140187,1.1992368492777323,0.09539384028345599,3.7203597710547833,6.500408830744071,0.6541291905151267,2.125919869174162,139.5,7338,4
1786,3.41545352743561,0.683872780926507,0.08899714272331256,3.075085484097616,4.965103751932174,0.7635018033631552,1.131200524614736,78.0,42698,2290,4.104803493449782,0.6119913957645348,0.10149362256491049,3.075105280698034,4.688399430423849,0.8725421880207229,1.2012603387160299,101.5,66014,4
142,2.8169014084507045,2.7135678391959797,0.07537688442211055,2.3115577889447234,3.492462311557789,0.5025125628140703,1.5577889447236182,77.0,3980,751,1.5978695073235687,2.218536180800332,0.058746285161379495,1.9248047549934342,3.3589052456976987,0.3697560301333886,1.6137950100214251,112.0,28938,3
14,0.0,2.13903743315508,0.0,1.6042780748663104,3.7433155080213902,0.0,0.0,48.0,187,7,14.285714285714285,2.142857142857143,0.0,5.714285714285714,7.857142857142857,0.7142857142857143,0.0,55.0,140,1
570,10.350877192982457,4.44255111976631,0.024342745861733205,4.077409931840312,7.6923076923076925,0.4259980525803311,1.010223953261928,62.0,8216,304,7.894736842105263,2.4516933305630584,0.0,2.3062538956991485,5.048826095990027,0.4570953667151465,0.7895283606897985,58.0,4813,4
80,1.25,3.143418467583497,0.0,1.37524557956778,4.4204322200392925,0.0,2.357563850687623,53.0,1018,740,1.4864864864864866,1.916439600363306,0.07266121707538602,1.8528610354223434,3.6603088101725705,0.3996366939146231,0.6539509536784741,51.0,11010,2
224,4.910714285714286,4.3403629230014715,0.024521824423737126,1.8146150073565472,6.5963707699852865,0.24521824423737126,2.0843550760176557,54.0,4078,41,9.75609756097561,4.389086595492289,0.0,3.795966785290629,9.134045077105576,0.7117437722419928,0.5931198102016607,64.0,843,3
20,5.0,0.9794319294809012,0.0979431929480901,3.0362389813907935,3.232125367286973,0.0,0.6856023506366308,180.0,1021,5,0.0,1.1312217194570136,0.0,2.48868778280543,2.7149321266968327,0.904977375565611,0.0,237.0,442,2
3,33.33333333333333,0.0,1.7857142857142856,3.571428571428571,10.714285714285714,0.0,0.0,102.0,56,768,10.807291666666668,2.090497737556561,0.05429864253393665,3.1855203619909505,5.366515837104072,0.6968325791855203,1.2217194570135748,61.5,11050,1
75,14.666666666666666,2.809482001755926,0.08779631255487269,3.511852502194908,5.179982440737489,0.17559262510974538,1.2291483757682178,66.0,1139,29,6.896551724137931,2.3628691983122363,0.08438818565400844,3.2911392405063293,6.4978902953586495,0.25316455696202533,2.278481012658228,124.0,1185,2
101,2.9702970297029703,1.8823529411764703,0.09411764705882353,2.8705882352941177,4.941176470588235,0.8,1.0823529411764705,82.0,2125,249,3.614457831325301,1.105815061963775,0.019065776930409912,2.19256434699714,2.8598665395614873,0.22878932316491898,0.667302192564347,76.0,5245,2
198,1.5151515151515151,1.1614623000761615,0.01904036557501904,1.5613099771515613,1.904036557501904,0.8568164508758568,0.8377760853008377,62.5,5252,149,4.026845637583892,1.1051373954599761,0.05973715651135006,2.2700119474313025,4.480286738351254,0.6272401433691757,0.7467144563918757,72.0,3348,3
7,0.0,1.0638297872340425,1.0638297872340425,2.127659574468085,2.127659574468085,1.0638297872340425,1.0638297872340425,56.0,94,2,50.0,6.896551724137931,0.0,3.4482758620689653,10.344827586206897,0.0,3.4482758620689653,74.5,29,1
5,0.0,1.4084507042253522,0.0,4.225352112676056,7.746478873239436,0.7042253521126761,4.225352112676056,131.0,142,6,16.666666666666664,3.211009174311927,0.0,0.9174311926605505,2.7522935779816518,0.0,0.0,222.5,218,1
733,7.230559345156889,5.078473905831313,0.14035983156820211,4.261834885798137,7.0562715324741605,1.0335587597294884,2.19471736633916,47.0,7837,143,2.797202797202797,3.125,0.052083333333333336,3.28125,4.895833333333333,0.5729166666666666,1.4583333333333333,52.0,1920,4
127,1.574803149606299,2.5745454545454547,0.1890909090909091,2.1672727272727275,2.996363636363636,0.829090909090909,2.0363636363636366,127.0,6875,2,0.0,2.7027027027027026,0.0,5.405405405405405,8.108108108108109,0.0,5.405405405405405,121.0,37,3
10,0.0,3.5294117647058822,0.0,2.3529411764705883,2.3529411764705883,0.0,1.1764705882352942,25.5,85,107,10.2803738317757,2.161100196463654,0.0,3.880157170923379,6.4833005893909625,0.9332023575638507,1.080550098231827,55.0,2036,1
29,0.0,5.217391304347826,0.0,2.1739130434782608,2.1739130434782608,2.1739130434782608,0.8695652173913043,33.0,230,1,0.0,,,,,,,1.0,0,2
412,12.37864077669903,1.632018651641733,0.019428793471925394,3.516611618418496,7.149795997668545,1.088012434427822,1.0491548474839711,46.0,5147,4,0.0,0.0,0.0,4.878048780487805,2.4390243902439024,2.4390243902439024,0.0,49.5,41,4
28,3.571428571428571,1.313868613138686,0.145985401459854,2.7737226277372264,4.233576642335766,1.313868613138686,1.4598540145985401,112.5,685,1,0.0,0.0,0.0,0.0,4.0,0.0,0.0,126.0,25,2
627,2.2328548644338118,3.8797391400464245,0.088427102907041,3.0617884381562948,5.007184702111197,1.3042997678788548,1.923289488228142,69.0,9047,2948,2.8493894165535956,2.853536491908218,0.024793760988144075,2.7588694044989404,5.001577784790155,0.610828111617004,1.7040075733669928,67.0,44366,4
221,12.669683257918551,1.7380952380952381,0.0,3.8095238095238098,8.642857142857142,0.5476190476190477,0.9761904761904762,57.0,4200,2,0.0,0.0,0.0,8.333333333333332,8.333333333333332,0.0,0.0,100.0,36,3
76,14.473684210526317,2.583276682528892,0.06798096532970768,6.594153636981645,8.973487423521414,0.8157715839564922,0.7477906186267845,92.5,1471,5,0.0,2.898550724637681,0.0,4.3478260869565215,10.144927536231885,0.0,2.898550724637681,60.0,69,2
162,14.19753086419753,2.270987496810411,0.07655014034192395,3.5468231691758096,5.868844092880837,0.6889512630773156,1.862720081653483,92.5,3919,1,0.0,0.0,0.0,0.0,12.5,0.0,0.0,88.0,16,3
946,5.179704016913319,3.7679169170028324,0.030040339884988415,3.081280576774526,5.724830486653506,0.3647755557462879,1.7895459617200242,103.5,23302,8,0.0,1.1267605633802817,0.0,2.8169014084507045,3.943661971830986,0.5633802816901409,0.5633802816901409,180.0,355,4
889,2.0247469066366706,2.413910671667235,0.05114217524718718,2.124105011933174,3.596999659052165,0.40572792362768495,1.8820320490964881,108.0,29330,1015,2.4630541871921183,1.878030859662013,0.09992652461425422,2.648052902277737,4.132255694342395,0.46730345334313006,1.7898603967670832,94.0,34025,4
185,4.324324324324325,2.3347701149425286,0.07183908045977011,2.586206896551724,5.244252873563219,0.7543103448275862,1.903735632183908,55.0,2784,1,0.0,0.0,0.0,0.0,0.0,0.0,0.0,78.0,14,3
6,0.0,4.10958904109589,0.0,4.10958904109589,2.73972602739726,0.0,0.0,60.5,73,3,0.0,0.0,0.0,4.166666666666666,4.166666666666666,0.0,0.0,46.0,24,1
872,4.013761467889909,2.348370636669373,0.07537979821407863,3.1775484170242376,4.870694653832773,0.5624492635973559,1.4786037341992346,84.0,17246,449,4.231625835189309,2.3469857340082836,0.057524160147261846,2.611596870685688,3.612517257248044,0.3796594569719282,1.1734928670041418,75.0,8692,4
471,3.397027600849257,2.288248337028825,0.13303769401330376,2.261640798226164,3.8935698447893565,0.4079822616407982,0.9667405764966741,76.0,11275,1711,4.032729398012858,1.9004978821431224,0.07245299843947388,2.3017760273463623,3.6839563052686333,0.4049936835847514,0.9010180575165342,85.0,53828,4
176,3.4090909090909087,2.909090909090909,0.0,3.428571428571429,5.5064935064935066,0.3116883116883117,0.8831168831168832,42.0,1925,22,0.0,2.095808383233533,0.0,3.8922155688622757,3.8922155688622757,1.1976047904191618,0.8982035928143712,45.0,334,3
6,0.0,1.7241379310344827,0.0,0.0,1.7241379310344827,3.4482758620689653,3.4482758620689653,49.0,58,19,5.263157894736842,3.1645569620253164,0.0,6.962025316455696,13.291139240506327,0.0,1.89873417721519,37.0,158,1
488,2.0491803278688523,2.0399579390115665,0.06309148264984228,3.680336487907466,4.2271293375394325,1.188222923238696,3.291272344900105,68.0,9510,3,0.0,0.0,0.0,3.4482758620689653,6.896551724137931,3.4482758620689653,10.344827586206897,60.0,29,4
7,0.0,0.6172839506172839,1.2345679012345678,0.0,0.6172839506172839,0.6172839506172839,0.0,126.0,162,2,0.0,4.25531914893617,0.0,0.0,2.127659574468085,2.127659574468085,0.0,279.0,47,1
474,2.9535864978902953,1.7643067179371184,0.0565482922415743,2.8161049536304006,4.727437231395612,0.5994118977606876,0.5541732639674282,75.0,8842,4461,2.5106478368078906,1.3460107270254318,0.030795288320886904,2.672774398850309,4.226653322041727,0.36697718582390226,0.5992249852439243,72.0,77934,4
1660,13.433734939759038,2.7805575411007863,0.05003573981415296,5.947105075053609,13.359542530378842,1.379556826304503,1.143674052894925,31.0,13990,875,13.142857142857142,2.1946169772256727,0.0,5.838509316770186,11.718426501035196,1.6666666666666667,1.3354037267080745,44.0,9660,4
22,9.090909090909092,3.2175032175032174,0.06435006435006435,2.9601029601029603,6.048906048906049,0.3861003861003861,2.7027027027027026,318.0,1554,15,0.0,1.0968921389396709,0.0,3.2906764168190126,4.387568555758683,1.4625228519195612,4.387568555758683,159.0,547,2
3,0.0,3.4482758620689653,0.0,0.0,0.0,0.0,0.0,49.0,29,1,0.0,0.0,0.0,0.0,0.0,0.0,0.0,44.0,8,1
22,4.545454545454546,2.043269230769231,0.0,1.9230769230769231,3.245192307692308,0.3605769230769231,2.5240384615384617,115.0,832,6,0.0,2.4390243902439024,0.0,3.6585365853658534,3.6585365853658534,4.2682926829268295,1.8292682926829267,116.5,164,2
210,1.4285714285714286,1.9255455712451863,0.04813863928112966,2.7118100128369704,3.161103979460847,0.2406931964056483,1.4602053915275994,117.5,6232,26,3.8461538461538463,1.0550996483001172,0.23446658851113714,3.751465416178194,4.337631887456038,0.23446658851113714,1.1723329425556859,183.0,853,3
14,0.0,3.7914691943127963,0.0,3.3175355450236967,3.7914691943127963,0.0,0.47393364928909953,71.0,211,2181,5.823016964695094,1.859925032594524,0.02444589308996089,4.11913298565841,6.042209908735333,0.5235495436766624,1.546202737940026,90.0,49088,1
530,4.150943396226415,1.1462477243611353,0.12136740610882611,2.521744993594498,3.6140516485739327,0.7282044366529566,1.1799608927246983,94.0,14831,41,0.0,1.7500000000000002,0.125,2.125,2.375,0.125,1.0,68.0,800,4
49,0.0,0.9727626459143969,0.38910505836575876,1.3618677042801557,1.7509727626459144,0.0,0.19455252918287938,41.0,514,40,2.5,2.2530329289428077,0.5199306759098787,1.386481802426343,3.8128249566724435,0.5199306759098787,1.386481802426343,46.0,577,2
1456,2.815934065934066,1.1865668374272078,0.07881255746748983,2.9510924296160077,4.352204562371383,0.5867157055913131,1.5105740181268883,45.0,22839,91,3.296703296703297,0.6902502157031924,0.12942191544434856,3.062985332182916,4.5297670405522,0.4314063848144953,0.7765314926660914,92.0,2318,4
198,5.555555555555555,2.0821448944666288,0.17113519680547634,2.766685681688534,5.704506560182544,0.7701083856246435,0.5989731888191672,51.0,3506,93,3.225806451612903,2.4637681159420293,0.0,3.6956521739130435,8.18840579710145,0.07246376811594203,0.9420289855072465,53.0,1380,3
206,7.281553398058252,1.9835329341317365,0.0,3.5553892215568865,6.025449101796408,0.7859281437125748,0.93562874251497,52.0,2672,39,5.128205128205128,1.4732965009208103,0.0,3.314917127071823,4.41988950276243,0.3683241252302026,1.4732965009208103,66.0,543,3
7,0.0,3.571428571428571,0.0,3.571428571428571,10.714285714285714,0.0,0.0,16.0,28,2,0.0,5.0,0.0,10.0,10.0,0.0,0.0,55.5,20,1
1675,4.119402985074627,3.607840186599451,0.10533839960874308,3.340732101877281,5.564124750761822,0.8803280538730673,1.8979722358075317,130.0,53162,184,4.891304347826087,2.2910327546089135,0.08949346697691068,3.7229282262394845,5.602291032754609,1.431895471630571,2.738500089493467,129.5,5587,4
59,1.694915254237288,1.2048192771084338,0.0,2.9451137884872822,2.2757697456492636,0.0,0.4016064257028112,54.0,747,3,0.0,10.526315789473683,0.0,5.263157894736842,5.263157894736842,0.0,0.0,42.0,19,2
28,0.0,3.580562659846547,0.0,3.0690537084398977,2.7280477408354646,0.17050298380221654,1.9607843137254901,208.5,1173,267,4.49438202247191,2.5519287833827895,0.0,3.2838773491592486,4.708209693372898,0.1582591493570722,1.4243323442136497,76.0,5055,2
1037,3.085824493731919,3.0925614851186634,0.04307188697936857,2.037300254124133,4.078907696946203,0.3747254167205065,1.2361631563078779,80.0,23217,250,6.4,3.268405414328161,0.08253549026081215,2.1129085506767913,4.275338395510069,0.4126774513040607,1.2875536480686696,80.0,6058,4
236,6.779661016949152,4.0,0.0,3.8064516129032255,6.935483870967742,1.9677419354838708,2.064516129032258,50.0,3100,2,0.0,0.0,0.0,10.0,10.0,30.0,0.0,30.5,10,3
53,3.7735849056603774,2.1176470588235294,0.4705882352941176,2.0,3.058823529411765,0.5882352941176471,2.0,58.0,850,549,1.8214936247723135,1.574186815098278,0.25221777700469644,2.200382675247869,2.617846582014263,0.9045051313271874,1.148025743607584,81.0,11498,2
6,0.0,1.9867549668874174,0.0,3.9735099337748347,2.6490066225165565,4.635761589403973,0.0,103.0,151,8684,3.6849378166743434,2.9232955666969325,0.037503454265524455,3.039753661521456,6.301567249615096,0.8803442422328371,1.3728238127195926,43.0,101324,1
312,2.564102564102564,2.9721696838692244,0.027019724398811132,1.8913807079167793,3.7557416914347477,0.810591731964334,0.810591731964334,38.0,3701,67,11.940298507462686,0.658544616397761,0.03292723081988805,2.8975963121501485,5.202502469542312,1.0207441554165295,1.0207441554165295,64.0,3037,3
56,8.928571428571429,2.130044843049327,0.11210762331838565,2.0179372197309418,4.37219730941704,0.2242152466367713,0.5605381165919282,74.0,892,913,11.281489594742606,2.620272314674735,0.07866868381240545,3.546142208774584,6.408472012102874,0.4780635400907716,1.2344931921331317,87.0,16525,2
1862,6.0687432867884,2.2372589666366802,0.027379043298001327,3.4380255798490245,5.7261313411819925,0.7353228771463214,1.0990730238197677,55.0,25567,2687,1.9724599925567547,1.493777063645524,0.0639995642582859,2.528663634630573,3.6411666984394997,0.4956561997875759,1.3943734851166971,90.0,73438,4
189,3.1746031746031744,1.1187607573149743,0.04302925989672978,3.485370051635112,5.80895008605852,1.549053356282272,1.333907056798623,44.0,2324,420,3.571428571428571,2.7426160337552745,0.09041591320072333,3.7371910789632303,5.786618444846293,0.5726341169379143,0.6630500301386377,40.0,3318,3
72,6.944444444444445,0.7736943907156674,0.09671179883945842,5.029013539651837,10.251450676982591,0.0,0.3868471953578337,51.5,1034,32,9.375,0.9287925696594427,0.0,5.727554179566564,9.907120743034056,0.6191950464396285,1.8575851393188854,82.0,646,2
141,6.382978723404255,3.4691629955947136,0.05506607929515419,3.4691629955947136,5.8370044052863435,0.3854625550660793,2.2577092511013213,53.0,1816,56,7.142857142857142,3.99002493765586,0.3740648379052369,2.7431421446384037,5.486284289276807,0.3740648379052369,1.7456359102244388,51.5,802,3
101,7.920792079207921,1.7055655296229804,0.0,3.4111310592459607,6.014362657091562,0.807899461400359,0.763016157989228,80.0,2228,188,7.446808510638298,1.340847260007773,0.1165954139137194,3.556160124368442,6.471045472211426,0.5052467936261174,0.8161678973960357,99.0,5146,2
2,0.0,0.0,1.5151515151515151,0.0,0.0,0.0,0.0,157.5,66,3,0.0,0.7653061224489796,0.0,2.2108843537414966,1.9557823129251701,0.5952380952380952,1.1904761904761905,2008.0,1176,1
89,1.1235955056179776,1.6222479721900347,0.0,3.2444959443800694,4.634994206257242,0.4634994206257242,0.4634994206257242,33.0,863,130,3.076923076923077,1.1372867587327375,0.08123476848090982,3.168155970755483,5.442729488220959,0.6498781478472786,0.8935824532900082,39.0,1231,2
1,0.0,0.0,0.0,0.0,0.0,0.0,0.0,20.0,4,12534,1.6435295994893888,0.8592344214078725,0.06431611732994169,2.327665324940923,3.397914423431301,0.4082989470945736,0.9972611451159497,47.0,138379,1
170,17.058823529411764,3.4261241970021414,0.3747323340471092,4.710920770877944,8.565310492505352,1.9271948608137044,1.4989293361884368,42.0,1868,225,5.333333333333334,2.186234817813765,0.053981106612685556,3.3738191632928474,5.775978407557355,1.376518218623482,1.8353576248313088,62.0,3705,3
3,0.0,4.0,4.0,0.0,8.0,0.0,0.0,46.0,25,41,0.0,0.7861635220125787,0.0,2.358490566037736,3.30188679245283,2.358490566037736,2.515723270440252,67.0,636,1
3,0.0,0.0,0.0,2.3255813953488373,2.3255813953488373,0.0,0.0,67.0,43,1,0.0,0.0,0.0,0.0,6.25,0.0,0.0,116.0,16,1
1539,10.071474983755685,2.112496818528888,0.08271824891829982,4.485874268261644,7.692797149401883,0.9099007381012981,1.9661491473657418,42.0,15716,234,4.273504273504273,1.5226848974518334,0.06215040397762585,4.13300186451212,6.37041640770665,0.870105655686762,2.4860161591050343,61.0,3218,4
2,50.0,0.0,0.0,7.6923076923076925,23.076923076923077,0.0,0.0,71.5,26,2,0.0,0.0,0.0,0.0,0.0,0.0,0.0,28.0,10,1
118,0.847457627118644,0.8870774394629586,0.11987532965715655,2.6852073843203073,2.6132821865260127,0.2397506593143131,0.9829777031886838,145.0,4171,22,4.545454545454546,0.5643340857787811,0.0,1.580135440180587,2.144469525959368,0.0,1.580135440180587,166.5,886,3
251,9.56175298804781,2.7881297446514837,0.06901311249137336,3.8233264320220837,6.197377501725327,1.1594202898550725,2.318840579710145,132.0,7245,273,9.157509157509157,2.0111567821491487,0.01467997651203758,3.8314738696418082,7.897827363476219,1.4826776277157956,3.2149148561362297,107.0,6812,3
275,4.0,1.7200474495848161,0.11862396204033215,2.7580071174377228,5.011862396204033,1.542111506524318,1.0379596678529062,53.0,3372,247,2.42914979757085,2.0326367019753793,0.057257371886630395,3.3781849413111935,4.924133982250215,0.4866876610363584,1.0592613799026624,55.0,3493,3
767,2.4771838331160363,1.3040238450074515,0.05122950819672131,2.7943368107302535,4.121646795827124,0.1676602086438152,2.011922503725782,109.0,21472,890,3.707865168539326,1.2698282238842773,0.11095586422289799,3.431412838004438,5.268348812361305,0.24656858716199553,2.395824771924057,110.0,24334,4
10,10.0,3.968253968253968,0.7936507936507936,1.5873015873015872,3.968253968253968,0.0,1.5873015873015872,68.0,126,19,5.263157894736842,1.710526315789474,0.0,2.5,3.9473684210526314,0.13157894736842105,1.710526315789474,198.0,760,1
359,3.3426183844011144,2.5549363894438017,0.042056566081379455,3.858689937966565,4.9837030806434655,1.7768899169382821,1.8925454736620755,102.0,9511,2244,3.5204991087344024,2.2510658455708197,0.05873993368072004,3.2003789673140695,4.471814306016106,1.1520606347702511,1.6617716721932734,90.0,52775,3
10,0.0,2.197802197802198,0.0,2.7472527472527473,3.8461538461538463,0.5494505494505495,0.0,53.0,182,2,0.0,0.0,0.0,0.0,0.0,0.0,0.0,31.0,12,1
15,33.33333333333333,3.3070866141732282,0.0,3.622047244094488,8.188976377952756,0.15748031496062992,1.574803149606299,218.0,635,10,10.0,2.5889967637540456,0.0,3.8834951456310676,4.854368932038835,0.0,0.6472491909385114,149.5,309,1
1,0.0,9.375,0.0,3.125,6.25,0.0,3.125,179.0,32,1470,1.4965986394557822,1.1224354731965587,0.05294506949040371,2.123097286565189,2.5043017868960953,0.5559232296492389,1.3183322303110523,114.0,37775,1
170,1.1764705882352942,0.8779952441924272,0.1097494055240534,1.9754892994329616,1.9754892994329616,0.6036217303822937,0.6584964331443205,84.5,5467,385,0.7792207792207793,1.1042659537370685,0.09299081715680577,2.406137393932349,2.9757061490177845,0.7671742415436476,0.999651284435662,80.0,8603,3
501,2.5948103792415167,1.7419825072886297,0.12390670553935859,2.6457725947521866,3.746355685131195,0.6049562682215743,1.3921282798833818,77.0,13720,106,1.8867924528301887,1.5402298850574714,0.09195402298850575,2.0,3.1494252873563213,0.6206896551724138,1.4482758620689655,129.0,4350,4
2,0.0,0.0,0.0,10.0,20.0,0.0,0.0,61.5,20,20,10.0,0.929368029739777,0.0,1.3011152416356877,3.903345724907063,0.0,0.37174721189591076,105.5,538,1
6,16.666666666666664,2.3255813953488373,0.0,6.2015503875969,10.852713178294573,3.875968992248062,0.0,104.5,129,1,0.0,0.0,0.0,0.0,0.0,0.0,0.0,211.0,40,1
131,6.106870229007633,1.5141955835962144,0.03154574132492114,4.132492113564669,6.1198738170347005,1.0410094637223974,1.1671924290220819,110.0,3170,44,6.8181818181818175,0.9157509157509158,0.0,2.838827838827839,5.21978021978022,1.282051282051282,0.3663003663003663,89.5,1092,3
121,7.43801652892562,1.4662027833001987,0.07455268389662027,4.224652087475149,6.585487077534791,0.6958250497017893,2.3359840954274356,84.0,4024,2553,13.513513513513514,1.7700292786797978,0.04753032434693334,4.6636754249211,8.59158142895167,0.5152287159207575,1.5000570363892163,77.0,52598,3
408,3.6764705882352944,3.3943375567026437,0.0782105427811669,3.0971374941342096,5.443453777569216,1.0636633818238699,1.642421398404505,60.5,6393,29,6.896551724137931,4.273504273504273,0.0,2.564102564102564,5.698005698005698,0.0,1.4245014245014245,55.0,351,4
1136,9.859154929577464,2.431684121824967,0.03611412062116288,4.2795232936078005,6.458408571084627,0.6861682918020947,1.727458769712291,53.0,16614,392,8.673469387755102,2.3232151941665253,0.13566220111921318,4.731219264032559,6.104799050364592,0.4578599287773444,0.8309309818551806,58.0,5897,4
561,2.4955436720142603,1.8716970052847917,0.08073987081620669,2.356136230182032,3.03141514973576,0.38167938931297707,1.291837933059307,81.0,13624,2790,4.480286738351254,0.7843256011144085,0.0545091151353643,2.272727272727273,3.1539579674156624,0.15747077705771909,0.7161892071952032,89.0,66044,4
2716,9.683357879234169,2.2970527404343333,0.05558428128231644,3.0377456049638054,6.035418821096174,0.610134436401241,1.3999482936918304,101.0,77360,249,9.63855421686747,1.7759708997539319,0.0320958596341072,3.8622017759708998,6.151706429870547,0.4172461752433936,1.369423344388574,158.0,9347,4
2071,3.669724770642202,2.666475315729047,0.0774971297359357,3.0281285878300803,5.3731343283582085,0.6400688863375431,1.5929965556831227,46.0,34840,5293,4.77989797846212,2.2168000370044867,0.04741199870484296,3.3662519080438504,6.431842360886257,0.614043202738332,1.6096951755400342,41.0,86476,4
683,9.077598828696926,2.325108459869848,0.047451193058568326,3.897776572668113,7.761659436008676,0.2779284164859002,1.735357917570499,90.0,14752,469,8.102345415778252,1.9842910293509715,0.013779798814937303,4.836709384042993,9.728537963345735,0.24803637866887143,1.1299435028248588,63.0,7257,4
3,33.33333333333333,1.0869565217391304,0.0,2.1739130434782608,4.3478260869565215,0.0,0.0,61.0,92,421,6.175771971496437,1.881188118811881,0.042432814710042434,3.1117397454031117,6.534653465346535,0.32531824611032534,0.7637906647807639,74.0,7070,1
63,4.761904761904762,1.5659955257270695,0.22371364653243847,4.809843400447427,6.935123042505594,0.5592841163310962,1.342281879194631,59.0,894,3,0.0,0.0,0.0,4.166666666666666,0.0,0.0,0.0,43.0,24,2
176,0.5681818181818182,0.9833795013850415,0.013850415512465375,3.005540166204986,4.61218836565097,0.47091412742382266,0.7617728531855956,106.5,7220,3924,2.089704383282365,1.1041009463722398,0.046390796066060495,2.542215624420115,4.501453578276736,0.30617925403599927,0.6417393455805035,49.0,64668,3
15,13.333333333333334,1.5706806282722512,0.0,6.806282722513089,10.471204188481675,1.5706806282722512,1.5706806282722512,48.0,191,2,0.0,0.0,0.0,0.0,0.0,0.0,0.0,48.0,10,1
56,10.714285714285714,2.925243770314193,0.0,4.225352112676056,6.717226435536294,1.191765980498375,0.6500541711809318,76.0,923,6,0.0,0.0,0.0,0.0,0.0,0.0,3.571428571428571,96.0,112,2
27,7.4074074074074066,0.5802707930367506,0.0,1.9342359767891684,2.7079303675048356,0.5802707930367506,0.5802707930367506,73.0,517,49,6.122448979591836,2.5316455696202533,0.10548523206751054,3.059071729957806,6.5400843881856545,1.0548523206751055,1.5822784810126582,89.0,948,2
76,3.9473684210526314,2.227857272233291,0.10867596449918493,3.387067560224597,4.4738272052164465,0.41659119724687554,2.010505343234921,303.0,5521,921,5.971769815418024,1.905077903584809,0.11059958801653465,3.262687846487772,4.132277107267775,0.47557822847109893,1.8995479241839826,282.0,72333,2
1187,1.9376579612468408,1.7274540532839437,0.04274113121527283,1.9945861233793987,2.771050007123522,0.719475708790426,1.289357458327397,84.0,28076,117,2.564102564102564,1.0021786492374727,0.04357298474945533,2.6143790849673203,3.485838779956427,0.6100217864923747,1.7864923747276689,88.0,2295,4
1148,12.195121951219512,1.9619720679791353,0.04374894834258792,3.846542150429076,6.24263839811543,0.602389365640249,1.033148241628807,101.0,29715,25,4.0,1.8947368421052633,0.0,1.8947368421052633,2.9473684210526314,1.8947368421052633,1.6842105263157894,56.0,475,4
1,0.0,0.0,0.0,0.0,0.0,0.0,0.0,45.0,7,445,7.865168539325842,2.4956835661591588,0.047088369172814316,3.555171872547481,6.87490189923089,0.40809919949772405,1.3655627060116151,130.0,12742,1
78,1.282051282051282,2.2900763358778624,0.06361323155216285,2.2264631043257,2.926208651399491,0.5089058524173028,1.2722646310432568,79.5,1572,98,1.0204081632653061,1.4853647881170817,0.043687199650502405,2.839667977282656,2.9707295762341634,0.218435998252512,0.8300567933595456,90.5,2289,2
134,11.194029850746269,3.04077401520387,0.0,3.455425017277125,6.219765031098825,0.3455425017277125,0.9675190048375951,44.0,1447,4,25.0,0.8403361344537815,0.0,5.042016806722689,13.445378151260504,2.5210084033613445,0.0,168.0,119,3
47,0.0,1.3296011196641007,0.0,2.7991602519244227,2.3792862141357594,0.7697690692792162,0.5598320503848845,105.0,1429,1,0.0,0.0,0.0,8.695652173913043,13.043478260869565,4.3478260869565215,0.0,135.0,23,2
274,7.664233576642336,1.945470036921329,0.0,2.6128940641863108,4.48736154501562,0.19880715705765406,1.7324623686452711,97.0,7042,251,1.1952191235059761,0.9946859245128763,0.05450333832947268,2.5344052323204793,3.5018394876686196,0.44965254121814957,1.2535767815778718,102.0,7339,3
28,0.0,2.108433734939759,0.0,0.6024096385542169,4.819277108433735,0.6024096385542169,2.108433734939759,52.0,332,3,0.0,0.0,0.0,0.0,0.0,0.0,0.0,26.0,16,2
12,0.0,0.5813953488372093,0.0,2.3255813953488373,2.3255813953488373,0.0,0.0,31.0,172,1143,4.724409448818897,1.496347152539389,0.052812252442566675,2.667018748349617,4.981955813748789,0.5985388610157557,1.1090573012939002,31.0,11361,1
272,4.411764705882353,1.5487272427712333,0.10709284125545761,2.281901309827828,2.6773210313864406,0.4860367410824615,0.8237910865804433,197.0,12139,3,0.0,1.4851485148514851,0.0,1.9801980198019802,2.4752475247524752,1.9801980198019802,4.455445544554455,412.0,202,3
583,7.547169811320755,1.9971779007923587,0.0434169108867904,3.592749375881906,6.4691197221317704,0.8357755345707154,0.8791924454575057,67.0,9213,1,0.0,0.0,0.0,0.0,0.0,0.0,0.0,64.0,13,4
19,0.0,1.5804597701149428,0.14367816091954022,1.7241379310344827,2.1551724137931036,0.28735632183908044,2.2988505747126435,79.0,696,9,22.22222222222222,3.3678756476683938,0.0,3.3678756476683938,5.699481865284974,0.0,2.072538860103627,238.0,386,2
100,4.0,2.749551703526599,0.17931858936043038,3.048416019127316,5.02092050209205,0.2988643156007173,1.6138673042438731,68.5,1673,3783,4.150145387258789,2.2163994326786702,0.05769369455996538,2.891896439818265,5.651578162936609,0.4110675737397534,1.4784009230991129,42.0,41599,2
89,0.0,0.9564949089787103,0.030854674483184203,2.6843566800370255,3.795124961431657,0.24683739586547362,1.234186979327368,117.0,3241,2,0.0,0.0,0.0,2.083333333333333,2.083333333333333,0.0,0.0,120.5,48,2
1,100.0,0.0,0.0,0.0,10.0,0.0,0.0,49.0,10,1,0.0,0.0,0.0,50.0,0.0,0.0,0.0,14.0,2,1
405,5.185185185185185,1.1060100166944908,0.10434056761268781,4.1110183639399,8.055091819699499,0.5425709515859767,0.8347245409015025,48.0,4792,29,3.4482758620689653,0.847457627118644,0.12106537530266344,3.87409200968523,6.2953995157385,0.12106537530266344,0.847457627118644,111.0,826,4
77,0.0,1.6074450084602367,0.04230118443316413,2.030456852791878,3.0456852791878175,0.7191201353637902,1.8612521150592216,124.0,2364,113,0.8849557522123894,1.2179208351457156,0.0,1.5224010439321443,2.174858634188778,0.32622879512831665,1.1526750761200522,108.0,4598,2
126,5.555555555555555,2.0381328073635765,0.1643655489809336,3.714661406969099,5.456936226166995,0.9861932938856016,1.8080210387902695,94.5,3042,7,14.285714285714285,5.172413793103448,0.0,5.172413793103448,12.068965517241379,0.0,0.0,23.0,58,3
1125,12.266666666666666,2.1863714868896214,0.03140210394096404,3.795729313864029,6.939864970953054,0.7026220756790705,1.08729784895588,59.0,25476,3411,6.830841395485194,1.4646624711368679,0.01811020057047132,3.0538325711957257,6.150676868746322,0.4459636890478562,0.9077738035948748,38.0,44174,4
291,1.0309278350515463,0.7284382284382284,0.11655011655011654,1.9522144522144524,0.9382284382284383,0.6351981351981352,0.7517482517482518,85.0,17160,557,0.718132854578097,0.8267005037105394,0.08459260968200868,2.0071519206367516,1.2919598569615873,0.6113738608836082,1.0074210789402853,84.0,26007,3
568,3.873239436619718,2.6091888825865004,0.02836074872376631,3.155133295519002,5.253828701077708,1.0847986386840611,1.0847986386840611,97.0,14104,260,3.4615384615384617,2.819548872180451,0.035244360902255634,2.9840225563909772,5.603853383458646,0.881109022556391,1.9384398496240602,111.0,8512,4
17,0.0,4.081632653061225,0.0,6.122448979591836,12.925170068027212,0.6802721088435374,3.4013605442176873,43.0,147,2,0.0,8.333333333333332,0.0,0.0,0.0,0.0,0.0,39.5,12,1
309,7.119741100323624,2.908137793310035,0.03744383424862706,3.132800798801797,5.654018971542686,1.3729405891163253,1.9470793809286073,120.0,8012,15,6.666666666666667,1.3966480446927374,0.27932960893854747,3.072625698324022,5.027932960893855,0.5586592178770949,1.3966480446927374,131.0,358,3
264,5.303030303030303,2.1229050279329607,0.07448789571694599,3.0540037243947857,5.363128491620111,0.260707635009311,0.819366852886406,38.5,2685,1310,2.4427480916030535,2.695068847828645,0.04707543839002001,2.9539837589737554,5.3548311168647755,0.5531364010827351,0.6708249970577851,27.0,8497,3
291,3.0927835051546393,0.956826137689615,0.046674445740956826,2.963827304550758,5.2975495915986,0.5834305717619603,0.8168028004667445,75.0,4285,6,0.0,1.36986301369863,0.0,2.73972602739726,4.10958904109589,2.73972602739726,0.0,81.0,73,3
119,5.042016806722689,1.6994158258098777,0.10621348911311736,4.567180031864047,10.037174721189592,0.3186404673393521,1.486988847583643,64.0,1883,806,3.3498759305210917,1.8543598291488697,0.03125325554745286,4.04208771747057,7.354932805500574,0.21877278883217,0.906344410876133,50.0,9599,3
4,0.0,0.0,0.0,0.0,0.0,0.0,0.0,46.0,34,5,0.0,2.4096385542168677,0.0,3.614457831325301,4.819277108433735,0.0,1.2048192771084338,66.0,83,1
515,6.019417475728155,2.661469933184855,0.05567928730512249,3.5634743875278394,5.56792873051225,0.7906458797327395,1.4922048997772828,66.0,8980,265,12.075471698113208,1.8535681186283595,0.07414272474513438,3.3549582947173304,5.505097312326228,0.7414272474513438,1.0565338276181648,83.0,5395,4
13,0.0,0.6443298969072164,0.0,2.0618556701030926,2.5773195876288657,3.221649484536082,1.1597938144329898,150.0,776,2,0.0,0.0,0.0,0.0,0.0,4.761904761904762,1.5873015873015872,159.5,63,1
480,6.25,1.6289038579301898,0.03674219228413962,4.041641151255358,6.233925290875689,0.19595835884874463,0.906307409675444,57.5,8165,1,100.0,0.0,0.0,25.0,75.0,0.0,0.0,26.0,4,4
450,13.555555555555557,3.185924869234427,0.0951022349025202,4.446029481692819,9.43889681407513,1.1650023775558727,1.0461245839277222,40.0,4206,3,0.0,2.631578947368421,0.0,2.631578947368421,0.0,0.0,5.263157894736842,93.0,38,4
520,2.1153846153846154,1.339720080832273,0.05987575780255969,2.6120799341366663,4.026644712222139,0.18711174313299903,0.763415911982636,100.5,13361,1579,1.9632678910702976,1.2229715264397345,0.05619781631342324,2.684114750588739,3.540462427745665,0.1445086705202312,0.7573324769856562,89.0,37368,4
39,12.82051282051282,2.4816176470588234,0.0,2.849264705882353,5.698529411764706,1.7463235294117647,1.3786764705882353,104.0,1088,4,0.0,0.0,0.0,0.0,0.0,0.0,0.0,73.5,52,2
560,0.7142857142857143,0.918005424577509,0.09388691842269978,2.143751303984978,2.435843939077822,0.3077404548299604,1.0118923430002087,107.0,19172,1802,0.9988901220865706,1.1800139681061577,0.08293563031079036,2.278547316959609,2.5419043184728203,0.3201024327784891,1.0214177627749972,118.0,68728,4
116,1.7241379310344827,2.545068928950159,0.10604453870625664,1.2195121951219512,4.3478260869565215,0.2120890774125133,1.4316012725344645,54.5,1886,13,0.0,2.2004889975550124,0.0,2.444987775061125,1.9559902200488997,0.4889975550122249,1.2224938875305624,125.0,409,3
25,12.0,1.6835016835016834,0.16835016835016833,3.0303030303030303,7.575757575757576,0.16835016835016833,1.3468013468013467,56.0,594,3,0.0,0.0,0.0,0.641025641025641,0.641025641025641,0.641025641025641,1.282051282051282,215.0,156,2
399,11.027568922305765,1.5148413510747185,0.0818833162743091,3.9303991811668375,8.72057318321392,0.24564994882292734,0.8393039918116683,44.0,4885,1140,10.175438596491228,1.476038338658147,0.04472843450479233,3.7188498402555914,7.559105431309904,0.5175718849840255,1.1629392971246006,48.5,15650,4
251,2.788844621513944,1.4854827819041188,0.1350438892640108,3.7812288993923024,6.009453072248481,0.0675219446320054,1.1478730587440917,23.0,1481,33,6.0606060606060606,3.463203463203463,0.0,2.1645021645021645,5.627705627705628,0.4329004329004329,0.4329004329004329,34.0,231,3
143,0.0,2.1910604732690624,0.04382120946538125,1.3365468886941279,2.366345311130587,0.48203330411919365,0.985977212971078,121.0,4564,42,0.0,1.9884541372674793,0.0,2.5016035920461834,3.3354714560615775,0.7697241821680565,1.731879409878127,153.5,1559,3
1,0.0,0.0,0.0,0.0,0.0,0.0,0.0,14.0,4,5,0.0,1.0,0.0,4.0,4.0,0.0,0.0,118.0,100,1
688,19.912790697674417,2.541681240526991,0.06995452955578874,5.415646496443978,9.933543196922,0.9035793400956045,0.7986475457619215,84.0,17154,1996,21.9438877755511,2.3058642173550004,0.04924315413107243,5.964844669963817,11.002633438242663,0.5373926820390948,0.9977091228295545,71.0,46707,4
278,8.992805755395683,2.1692961165048543,0.030339805825242715,3.640776699029126,6.02245145631068,0.8798543689320388,1.3652912621359223,73.5,6592,526,7.604562737642586,2.0304902089630703,0.052569325798396634,3.771849126034959,5.710343014850835,0.8739650413983441,1.0251018530687344,87.0,15218,3
22,4.545454545454546,2.7027027027027026,0.0,3.6036036036036037,3.153153153153153,0.45045045045045046,2.7027027027027026,91.0,222,4,25.0,0.0,0.0,4.761904761904762,19.047619047619047,0.0,0.0,26.5,21,2
139,2.877697841726619,2.747537584240539,0.20736132711249353,3.1104199066874028,5.495075168481078,0.673924313115604,2.2291342664593055,54.0,1929,8,12.5,1.7045454545454544,0.0,3.4090909090909087,7.386363636363637,2.840909090909091,0.5681818181818182,49.0,176,3
296,2.364864864864865,3.4521158129175946,0.03711952487008166,2.4498886414253898,5.419450631031922,0.25983667409057165,1.6332590942835932,40.0,2694,20,0.0,4.225352112676056,0.0,2.0120724346076457,1.6096579476861168,1.4084507042253522,2.2132796780684103,84.0,497,3
280,0.0,0.5072840790842872,0.0,0.8064516129032258,0.8064516129032258,1.0535900104058273,1.0796045785639958,117.5,7688,15,0.0,0.7228915662650602,0.0,0.48192771084337355,0.24096385542168677,1.2048192771084338,1.9277108433734942,129.0,415,3
818,7.212713936430318,4.126697997811111,0.019313719178523144,4.088070559454065,6.425030580055366,0.9721238653189983,1.847679134745381,78.5,15533,2,0.0,0.0,0.0,0.0,0.0,0.0,0.0,84.5,34,4
731,3.009575923392613,1.79969448157342,0.07637960664502579,2.6780599579912163,3.6471262172999808,1.2507160588122972,1.6039717395455413,112.0,20948,88,3.4090909090909087,1.6442451420029895,0.08968609865470852,3.3781763826606874,4.245142002989537,0.8669656203288489,1.2257100149476832,141.0,3345,4
98,5.1020408163265305,2.319211102994887,0.0547845142439737,2.3739956172388608,4.14536157779401,1.1322132943754566,1.789627465303141,116.0,5476,3,0.0,0.0,0.0,0.0,0.0,5.769230769230769,1.9230769230769231,69.0,52,2
19,5.263157894736842,1.4634146341463417,0.0,2.4390243902439024,6.341463414634147,0.4878048780487805,0.0,32.0,205,1,0.0,0.0,0.0,0.0,0.0,0.0,0.0,35.0,7,2
269,2.2304832713754648,3.0256012412723043,0.11636927851047324,3.2971295577967417,5.5857253685027155,1.2412723041117144,0.9697439875872769,30.0,2578,1014,2.9585798816568047,2.5062847566085167,0.12188618877123486,3.0014473984916585,5.073512607602651,0.59419517025977,1.058886264950103,45.0,13127,3
8,0.0,0.0,0.0,0.0,1.0526315789473684,0.0,0.0,54.0,95,254,2.3622047244094486,1.4839547393804489,0.05564830272676684,3.060656649972176,4.414765349656836,0.5008347245409015,2.3743275830087183,86.0,5391,1
1521,11.834319526627219,1.7005275564036366,0.044898417330789094,3.5329442137164664,7.217420585924346,0.36199348972948703,1.279604893927489,89.0,35636,1581,11.6382036685642,1.1624184213766777,0.06895702499692156,3.669498830193326,7.641916020194557,0.3373968723063662,1.5933998276074377,89.0,40605,4
442,9.049773755656108,1.8025436910970811,0.08234971177600879,2.841065056272303,4.561259035593376,0.8143471497849757,1.4548449080428218,149.5,21858,1319,7.657316148597422,0.9370077834879684,0.11152117177709563,2.5339449752239047,3.7595281619701306,0.723163062348383,1.5164579956081352,181.0,86979,4
190,6.842105263157896,2.4279973208305425,0.016744809109176154,2.8466175485599465,4.956463496316142,0.31815137307434693,1.6075016744809107,77.5,5972,331,4.531722054380665,1.406301824212272,0.05306799336650083,2.812603648424544,4.006633499170813,0.24543946932006636,1.0746268656716418,114.0,15075,3
7,14.285714285714285,3.048780487804878,0.0,1.8292682926829267,6.097560975609756,0.0,1.8292682926829267,129.0,164,44,6.8181818181818175,2.5186567164179103,0.0,2.1455223880597014,4.291044776119403,0.7462686567164178,1.3059701492537312,88.0,1072,1
214,1.4018691588785046,1.454856653829696,0.04278990158322636,2.396234488660676,3.29482242190843,0.9413778348309799,1.1125374411638853,40.0,2337,116,0.0,1.400560224089636,0.0700280112044818,1.5406162464985995,2.941176470588235,0.6302521008403361,0.700280112044818,50.5,1428,3
468,2.9914529914529915,2.1595528455284554,0.08892276422764227,3.0360772357723578,4.979674796747967,0.7113821138211381,1.2576219512195124,65.5,7872,84,5.952380952380952,2.1885521885521886,0.0,3.0303030303030303,3.872053872053872,0.8417508417508417,1.2906846240179575,80.0,1782,4
44,11.363636363636363,1.9607843137254901,0.0,2.4836601307189543,5.098039215686274,0.6535947712418301,1.6993464052287581,61.5,765,36,8.333333333333332,2.898550724637681,0.0,5.928853754940711,9.749670619235836,0.5270092226613966,1.5810276679841897,74.5,759,2
631,3.328050713153724,2.355460385438972,0.09421841541755889,2.7323340471092075,4.685224839400428,0.7194860813704497,1.8758029978586725,78.0,11675,6,0.0,0.0,0.0,2.898550724637681,4.3478260869565215,1.4492753623188406,0.0,51.5,69,4
2092,6.261950286806883,1.1977038104462452,0.047246698636932746,2.794642224374572,5.192412180198908,0.39450993361838843,0.7701211877820038,71.0,42331,2821,7.018787663948954,1.1045811796360545,0.04956454011187424,2.8765134886355592,5.416696169369114,0.5168873468809743,0.8762302626920626,72.0,56492,4
10,10.0,1.7094017094017095,0.0,3.418803418803419,5.982905982905983,3.418803418803419,1.7094017094017095,46.0,117,721,6.796116504854369,1.4943335673453013,0.010029084344599338,3.5202086049543677,6.719486510881556,0.40116337378397354,0.9627920970815363,54.0,9971,1
6,0.0,0.0,0.0,3.3707865168539324,1.1235955056179776,2.8089887640449436,1.1235955056179776,170.0,178,1,0.0,2.2222222222222223,0.0,2.2222222222222223,0.0,0.0,0.0,239.0,45,1
1944,2.7777777777777777,1.5165125495376486,0.08718626155878469,2.599735799207398,4.45442536327609,0.2747688243064729,1.0541611624834875,69.0,37850,2013,4.123199205166419,1.4319557778362726,0.03685180310608055,2.969202421689918,5.272440115819952,0.20268491708344302,1.0818636483285076,69.0,37990,4
797,12.296110414052698,3.2620514679231603,0.05436752446538601,2.9479279932342637,6.2885103298296485,0.32620514679231605,0.585961097015827,64.0,16554,574,18.641114982578397,43.618561089825455,0.03831417624521073,2.2094508301404856,5.363984674329502,0.21711366538952745,0.532141336739038,72.5,23490,4
16,0.0,2.5210084033613445,0.0,3.361344537815126,6.722689075630252,0.5042016806722689,0.8403361344537815,87.0,595,209,3.827751196172249,1.4575134819997084,0.043725404459991256,2.579798863139484,5.159597726278968,0.4226789097799155,0.7141816061798572,103.0,6861,1
821,5.237515225334957,2.597590013709503,0.06493975034273758,2.9800129879500687,5.4693700844216755,0.7937080597445703,1.1184068114582582,60.0,13859,72,2.7777777777777777,2.0879120879120876,0.054945054945054944,2.6373626373626373,4.450549450549451,0.49450549450549447,0.9890109890109889,100.5,1820,4
5,0.0,0.0,0.0,4.166666666666666,4.166666666666666,0.0,0.0,37.0,48,3,0.0,0.6369426751592357,0.6369426751592357,4.45859872611465,5.7324840764331215,1.910828025477707,3.821656050955414,205.0,157,1
529,8.31758034026465,2.776615041160876,0.06976419701409237,3.669596762941259,6.432258964699317,0.5720664155155575,1.6603878889353982,51.0,7167,7,0.0,1.257861635220126,0.0,5.031446540880504,5.660377358490567,1.8867924528301887,6.918238993710692,115.0,159,4
880,3.8636363636363633,1.654089488528089,0.11433798307797849,3.834133699214879,4.969890997789466,0.670782834057474,1.1662474273953807,47.0,13119,3691,3.7388241668924413,1.4054923692266441,0.049158715616830155,3.5394275244117717,4.855540410698724,0.5764976649610082,0.9541259803812034,45.0,44753,4
3,0.0,0.0,0.0,1.5873015873015872,1.5873015873015872,0.0,0.0,101.0,63,46,10.869565217391305,0.3838771593090211,0.0,2.6871401151631478,5.950095969289827,0.3838771593090211,0.3838771593090211,79.0,1042,1
5,0.0,0.0,0.0,0.0,0.0,0.0,0.0,38.0,49,409,1.9559902200488997,1.0844306738962044,0.03872966692486445,2.2850503485670024,2.7627162406403305,0.3872966692486445,0.9553317841466563,64.0,7746,1
132,10.606060606060606,1.8094912939569818,0.03414134516899966,3.8579720040969616,6.623420962785934,1.092523045407989,1.0242403550699897,83.5,2929,14,0.0,0.8928571428571428,0.17857142857142858,2.857142857142857,3.571428571428571,0.35714285714285715,0.17857142857142858,205.5,560,3
18,16.666666666666664,2.8708133971291865,0.4784688995215311,5.263157894736842,6.698564593301436,0.4784688995215311,0.0,51.0,209,20,15.0,2.434077079107505,0.0,2.028397565922921,4.665314401622718,0.4056795131845842,1.4198782961460445,113.0,493,1
878,1.0250569476082005,2.609308885754584,0.07052186177715092,2.4212505876821817,2.6445698166431595,0.8168782322519981,1.304654442877292,74.0,17016,2,0.0,1.3513513513513513,0.0,1.3513513513513513,0.0,1.3513513513513513,2.7027027027027026,204.5,74,4
6,0.0,1.744186046511628,0.0,1.744186046511628,4.069767441860465,1.1627906976744187,1.744186046511628,185.5,172,6,0.0,0.0,0.0,1.345291479820628,1.7937219730941705,0.4484304932735426,3.1390134529147984,120.5,223,1
1,0.0,0.0,0.0,0.0,0.0,0.0,11.11111111111111,137.0,27,1,0.0,0.0,0.0,11.11111111111111,22.22222222222222,0.0,0.0,56.0,9,1
2,0.0,1.5873015873015872,0.0,0.0,3.1746031746031744,0.0,1.5873015873015872,173.0,63,40,0.0,1.7741935483870968,0.3225806451612903,1.935483870967742,3.870967741935484,0.6451612903225806,0.8064516129032258,71.5,620,1
636,1.729559748427673,2.0717070560354713,0.05351272838468007,2.4615855056952833,3.570063450806513,0.9097163825395611,1.6130265270239277,75.5,13081,1006,1.4910536779324055,1.1406224539677368,0.05974689044592906,2.66688392808647,3.6445603172016727,0.8255933952528379,0.9776763891152028,68.0,18411,4
54,7.4074074074074066,2.981651376146789,0.0,3.669724770642202,6.8807339449541285,0.9174311926605505,1.3761467889908259,35.5,436,176,15.340909090909092,2.142501245640259,0.0,3.9860488290981566,7.473841554559043,0.4982561036372696,0.8968609865470852,45.5,2007,2
7,0.0,0.0,0.0,0.0,3.7735849056603774,0.0,0.0,38.0,53,24,12.5,3.050595238095238,0.1488095238095238,2.6785714285714284,4.389880952380952,1.3392857142857142,1.636904761904762,292.5,1344,1
13,7.6923076923076925,1.4285714285714286,0.0,3.3333333333333335,4.761904761904762,2.380952380952381,1.4285714285714286,77.0,210,1,0.0,0.0,0.0,0.0,0.0,0.0,0.0,24.0,5,1
33,3.0303030303030303,0.5291005291005291,0.0,2.380952380952381,3.968253968253968,0.0,0.26455026455026454,54.0,378,186,0.0,0.6066052572455628,0.044933722758930573,1.7748820489777577,1.550213435183105,0.26960233655358345,0.9660750393170073,85.0,4451,2
339,2.0648967551622417,1.8351753308773366,0.1023331968890708,2.258152544685496,3.26101787419839,0.6685768863419294,2.0739527902851687,150.0,14658,4950,0.6060606060606061,1.2281986687807351,0.06438787254420629,2.2447222065723924,2.7694833678076733,0.6462932706624707,1.6990349867602437,83.0,124247,3
344,4.941860465116279,3.0446349394028966,0.05911912503694946,3.502808158439255,6.650901566656814,0.8867868755542417,1.5223174697014483,67.5,6766,3032,5.277044854881266,2.3300885345549047,0.07928467603400431,3.380610492005462,5.73932960401709,0.7333832533145399,1.085759591243448,53.0,45406,3
3242,2.405922270203578,3.7495028383411073,0.02531004808909137,3.0155114437574575,4.729363271504502,1.4734063709006762,2.0844632461944537,69.0,55314,879,3.754266211604096,2.694067242756517,0.007261636772928619,3.296783094909592,5.402657759058892,1.350664439764723,2.1421828480139427,68.0,13771,4
39,20.51282051282051,2.515177797051171,0.08673026886383348,3.4258456201214225,6.504770164787511,0.823937554206418,1.9514310494362535,268.0,2306,1,0.0,8.108108108108109,0.0,0.0,5.405405405405405,0.0,2.7027027027027026,197.0,37,2
10,10.0,2.5,0.0,2.0,2.5,1.5,0.0,68.0,200,4,0.0,0.0,0.0,1.7751479289940828,3.5502958579881656,0.0,0.591715976331361,112.5,169,1
18,16.666666666666664,2.0097020097020097,0.0,3.6036036036036037,5.544005544005544,0.8316008316008316,1.8018018018018018,379.5,1443,13,15.384615384615385,1.1516314779270633,0.0,2.6871401151631478,5.3742802303262955,0.3838771593090211,1.3435700575815739,154.0,521,1
50,4.0,1.3224821973550356,0.0,2.746693794506612,3.0518819938962363,0.9155645981688708,1.3224821973550356,63.0,983,2,0.0,2.2222222222222223,0.0,0.0,0.0,2.2222222222222223,0.0,124.0,45,2
163,1.2269938650306749,1.9331742243436756,0.0954653937947494,1.9331742243436756,3.054892601431981,0.42959427207637235,1.3842482100238664,59.0,4190,471,4.45859872611465,1.6873626047174857,0.05941417622244668,2.5845166656764307,3.642089002435981,0.44560632166835007,1.2655219535381144,114.0,16831,3
60,31.666666666666664,1.901669758812616,0.6493506493506493,2.87569573283859,6.447124304267161,0.27829313543599254,1.4842300556586272,182.0,2156,1068,9.363295880149813,1.6893283889575605,0.022890628576660715,3.0536098521265393,5.19159456118665,0.3708281829419036,1.313922080300325,66.0,21843,2
34,0.0,1.9184652278177456,0.0,2.5179856115107913,4.1966426858513195,0.1199040767386091,2.5179856115107913,107.5,834,4,0.0,1.2345679012345678,0.0,0.6172839506172839,1.2345679012345678,0.0,1.8518518518518516,123.0,162,2
886,5.643340857787811,2.214987871824333,0.12128175667049661,2.7767139027192647,4.608706753478872,0.9191880505553428,1.270266819864675,81.0,15666,4,0.0,0.0,0.0,6.122448979591836,4.081632653061225,0.0,0.0,102.0,49,4
259,10.038610038610038,2.965171007216818,0.12550988390335738,2.7298399748980233,5.349858801380609,0.5961719485409477,2.353310323187951,104.0,6374,94,9.574468085106384,2.1476510067114094,0.0894854586129754,2.4161073825503356,5.100671140939597,1.2527964205816555,2.5503355704697985,88.0,2235,3
303,4.29042904290429,1.9779725781074398,0.08990784445942908,3.416498089458305,5.596763317599461,0.26972353337828725,0.899078444594291,56.0,4449,606,7.755775577557755,1.0348172900722217,0.06467608062951385,4.0422550393446155,7.222162336962381,0.2048075886601272,0.4311738708634257,62.5,9277,3
20,5.0,0.6622516556291391,0.0,2.7317880794701987,4.801324503311259,1.3245033112582782,0.9105960264900662,105.5,1208,6,0.0,1.5873015873015872,0.0,0.7936507936507936,0.7936507936507936,0.0,1.5873015873015872,90.5,126,2
9,0.0,1.6528925619834711,0.0,4.132231404958678,4.958677685950414,0.0,0.0,63.0,121,18,11.11111111111111,4.10958904109589,0.0,3.0821917808219177,3.4246575342465753,0.3424657534246575,1.7123287671232876,84.0,292,1
115,4.3478260869565215,2.3547478884054263,0.02559508574353724,2.457128231379575,4.991041719989762,0.38392628615305857,2.2267724596877403,114.0,3907,49,2.0408163265306123,1.9627085377821394,0.09813542688910697,2.747791952894995,6.869479882237488,0.19627085377821393,1.7664376840039255,70.0,1019,2
106,5.660377358490567,1.6401845207585852,0.10251153254741158,3.5366478728856996,5.535622757560225,0.5638134290107637,1.2813941568426448,72.5,1951,1,0.0,0.0,0.0,0.0,0.0,0.0,0.0,17.0,3,2
1,0.0,0.0,0.0,0.0,0.0,0.0,0.0,52.0,11,1,0.0,0.0,0.0,10.0,20.0,0.0,0.0,47.0,10,1
19,0.0,1.8633540372670807,0.2070393374741201,1.6563146997929608,3.5196687370600417,0.4140786749482402,1.8633540372670807,133.0,483,3895,2.490372272143774,2.2238673378738523,0.035534498075214686,3.3283979863784423,5.048859934853421,0.6573882143914718,0.7876813740005922,38.0,33770,2
2566,4.9883086515978174,1.330553073180419,0.06950650382285771,3.172475424486149,5.200575911031676,0.3673915202065336,1.0053619302949062,56.0,40284,844,7.109004739336493,1.71664493698392,0.0434593654932638,3.143560770679415,5.794582065768506,0.15935100680863393,0.985078951180646,55.0,13806,4
14,0.0,0.8097165991902834,0.0,1.6194331983805668,1.6194331983805668,1.214574898785425,2.42914979757085,57.5,247,5,0.0,3.0,0.0,1.0,0.0,1.0,0.0,54.0,100,1
27,3.7037037037037033,1.5364916773367476,0.0,2.4327784891165174,4.225352112676056,0.3841229193341869,1.9206145966709345,88.0,781,14,21.428571428571427,5.641025641025641,0.0,6.666666666666667,9.743589743589745,0.5128205128205128,1.0256410256410255,62.5,195,2
33,3.0303030303030303,1.76678445229682,0.17667844522968199,2.2968197879858656,1.9434628975265018,1.0600706713780919,1.2367491166077738,66.0,566,21,9.523809523809524,0.9009009009009009,0.0,4.2042042042042045,3.903903903903904,0.9009009009009009,0.6006006006006006,75.0,333,2
470,2.7659574468085104,1.916046892726585,0.05042228665069961,2.584142190848355,3.9203327870918945,0.41598386486827177,1.2227404512794655,68.0,7933,992,3.4274193548387095,1.2261458890672374,0.04458712323880863,2.608346709470305,3.7230247904405203,0.2318530408418049,1.1146780809702157,76.0,22428,4
2,0.0,0.0,0.0,1.4492753623188406,2.898550724637681,2.898550724637681,0.0,165.0,69,293,1.3651877133105803,0.4484304932735426,0.07232749891508751,2.4736004628959933,2.7267467090987996,0.9257919861131203,1.1500072327498916,141.0,13826,1
73,0.0,3.2507739938080498,0.0,3.0959752321981426,4.489164086687306,0.6191950464396285,1.238390092879257,44.0,646,179,2.793296089385475,2.5719267654751525,0.043591979075850044,3.7053182214472535,5.361813426329555,0.6974716652136007,1.8308631211857016,56.0,2294,2
1660,3.6746987951807233,1.5023808917521837,0.03310330778437015,2.2179216215527995,3.1651855058440073,0.7002622800539838,1.2299152046039061,77.0,39271,107,4.672897196261682,2.2790055248618786,0.10359116022099447,3.012776243093923,5.058701657458563,0.9754834254143646,1.2085635359116023,63.0,11584,4
160,1.25,0.6102877070619006,0.06538796861377506,2.0052310374891023,2.6809067131647777,0.7192676547515258,1.2859633827375763,73.5,4588,133,3.7593984962406015,0.6854009595613434,0.06854009595613435,2.2618231665524333,3.289924605894448,0.7196710075394105,1.1651816312542838,65.0,2918,3
263,2.2813688212927756,1.0110020814748737,0.08920606601248886,2.7802557240559027,4.80225988700565,0.535236396074933,1.3826940231935771,82.0,6726,16,12.5,1.4457831325301205,0.0,3.614457831325301,7.710843373493977,0.0,0.48192771084337355,74.0,415,3
51,1.9607843137254901,1.608187134502924,0.0,3.143274853801169,4.605263157894736,0.07309941520467836,1.9005847953216373,123.0,1368,2,0.0,1.9607843137254901,0.0,5.88235294117647,9.803921568627452,0.0,1.9607843137254901,147.0,51,2
229,10.91703056768559,2.153558052434457,0.1404494382022472,5.102996254681648,12.219101123595506,1.1704119850187267,0.6554307116104869,31.0,2136,536,8.955223880597014,1.2748825766047864,0.022366360993066426,3.802281368821293,8.678148065309774,0.33549541489599644,0.5367926638335943,31.0,4471,3
38,2.631578947368421,1.7643352236925016,0.0630119722747322,2.3314429741650917,3.087586641461878,0.4410838059231254,1.638311279143037,139.0,1587,140,5.714285714285714,0.9399948493432912,0.07725985063095545,2.4594385784187485,4.069018799896987,0.47643574555755863,0.9915014164305949,208.5,7766,2
77,2.5974025974025974,1.611721611721612,0.07326007326007326,2.197802197802198,5.641025641025641,0.29304029304029305,2.1245421245421245,74.0,1365,38,7.894736842105263,1.3793103448275863,0.13793103448275862,3.724137931034482,8.0,0.27586206896551724,0.8275862068965517,72.5,725,2
5,40.0,1.8867924528301887,0.0,3.7735849056603774,8.30188679245283,0.37735849056603776,0.37735849056603776,256.0,265,1,0.0,0.0,0.0,0.0,0.0,0.0,0.0,28.0,4,1
5,20.0,1.8867924528301887,0.0,4.40251572327044,5.9748427672955975,0.0,1.257861635220126,316.0,318,18,0.0,2.2950819672131146,0.0,2.2950819672131146,3.606557377049181,0.0,3.606557377049181,66.5,305,1
11,0.0,1.0638297872340425,0.0,1.5957446808510638,1.0638297872340425,0.5319148936170213,1.5957446808510638,64.0,188,358,1.9553072625698324,1.3650465356773527,0.12409513960703206,3.7021716649431227,4.984488107549121,0.4550155118924508,1.0134436401240952,52.5,4835,1
145,8.96551724137931,2.380952380952381,0.047619047619047616,3.0,6.380952380952381,0.5238095238095238,1.380952380952381,52.0,2100,307,8.469055374592834,1.8552127445049404,0.06049606775559589,2.8836458963500706,7.441016333938294,0.14115749142972372,0.9679370840895343,59.0,4959,3
541,12.014787430683919,3.107466551575313,0.04315925766076824,4.359085023737592,11.048769961156669,0.6473888649115235,0.1294777729823047,18.0,2317,3,33.33333333333333,0.0,0.0,3.7037037037037033,11.11111111111111,0.0,0.0,39.0,27,4
459,1.0893246187363834,1.123477530449391,0.05249895002099958,2.49895002099958,2.3519529609407814,0.8399832003359933,1.2809743805123899,89.0,9524,936,3.632478632478633,1.1418559690671821,0.07249879168680522,3.5645239246012568,4.57346544224263,0.610198163363944,1.0089415176413727,78.0,16552,4
1,0.0,0.0,0.0,0.0,0.0,0.0,0.0,10.0,2,39,5.128205128205128,1.5151515151515151,0.0,3.4848484848484853,4.848484848484849,3.1818181818181817,1.2121212121212122,63.0,660,1
3,0.0,10.344827586206897,0.0,3.4482758620689653,3.4482758620689653,0.0,0.0,45.0,29,881,3.9727582292849033,2.1046301864101022,0.04295163645734902,3.556395498668499,6.004638776737393,0.661455201443175,1.8812816768318874,52.0,11641,1
2,0.0,6.0606060606060606,0.0,0.0,0.0,0.0,0.0,88.0,33,3,0.0,4.3478260869565215,0.0,0.0,0.0,0.0,0.0,49.0,23,1
581,3.2702237521514634,2.1659578676688755,0.06923153001681337,2.798931856394026,4.51982988824053,0.6725348630204728,1.2659479774503017,59.0,10111,866,2.886836027713626,1.7241379310344827,0.054831241623004755,2.7781162422322407,4.41696113074205,0.5665894967710491,1.5961983672474718,72.0,16414,4
362,8.56353591160221,4.178579283043765,0.08797009016934242,3.078953155926985,6.531779195073676,0.17594018033868483,0.8577083791510886,52.5,4547,146,10.95890410958904,3.3363390441839496,0.09017132551848511,3.5166816952209197,8.385933273219116,0.0,1.2623985572587917,66.5,2218,3
1,0.0,0.0,0.0,0.0,0.0,0.0,0.0,29.0,5,2,0.0,1.6528925619834711,0.0,2.479338842975207,3.3057851239669422,0.0,0.0,330.0,121,1
548,2.18978102189781,2.276198452973346,0.04926836478297285,2.714686899541804,4.88249494999261,0.3300980440459181,1.3351726856185642,116.5,20297,171,7.602339181286549,1.9114990969295604,0.0,2.9500301023479834,6.155930162552679,0.5117399157134257,1.309452137266707,134.0,6644,4
10,0.0,1.5915119363395225,0.0,0.7957559681697612,1.0610079575596816,0.2652519893899204,0.2652519893899204,105.5,377,73,4.10958904109589,1.5772870662460567,0.0,2.6288117770767614,4.574132492113565,0.5783385909568874,1.5247108307045216,103.0,1902,1
20,0.0,2.9702970297029703,0.0,2.9702970297029703,5.6105610561056105,0.0,0.0,78.0,303,3,0.0,0.0,0.0,0.0,0.0,6.451612903225806,0.0,53.0,31,2
115,0.0,2.4456521739130435,0.0,0.8152173913043478,1.8115942028985508,0.2717391304347826,1.9927536231884055,46.0,1104,210,0.4761904761904762,1.8599562363238513,0.0,2.6805251641137855,3.2275711159737415,0.05470459518599562,0.87527352297593,36.0,1828,2
82,7.317073170731707,2.9350104821802936,0.0,3.9832285115303985,5.9748427672955975,1.1530398322851152,0.7337526205450734,47.5,954,4,0.0,1.4925373134328357,0.0,0.0,1.4925373134328357,2.9850746268656714,2.9850746268656714,38.5,67,2
155,0.6451612903225806,2.667789946644201,0.11232799775344005,2.274641954507161,2.695871946082561,0.6458859870822803,1.8253299634934008,92.0,3561,57,0.0,1.3029315960912053,0.13029315960912052,2.8664495114006514,2.8664495114006514,0.39087947882736157,2.671009771986971,96.0,1535,3
294,1.7006802721088436,3.011957015286817,0.10594823671863177,1.9676101104888755,2.8757378537914335,0.9686695928560618,1.9373391857121236,100.0,6607,166,3.0120481927710845,3.7187039764359353,0.11045655375552282,2.1170839469808542,3.405743740795287,0.5706921944035346,1.95139911634757,147.5,5432,3
1082,2.865064695009242,1.9908238579692799,0.025932575304209057,2.966287652104528,4.013564731697587,1.021344504288849,1.1689607021743467,143.5,50130,629,2.7027027027027026,1.2358563111062288,0.0329561682961661,2.7902889157420634,3.762495880478963,0.9831923541689553,1.27979786883445,95.0,18206,4
77,9.090909090909092,1.7919362867098059,0.0,2.887008461921354,4.927824788451966,0.5475360876057741,1.1448481831757094,117.0,2009,3,0.0,2.3255813953488373,0.0,2.3255813953488373,0.0,0.0,0.0,108.0,43,2
1,0.0,0.0,0.0,0.0,0.0,0.0,0.0,19.0,2,285,17.543859649122805,1.3011025131822227,0.06163117167705266,3.218516743134972,7.149215914538108,0.5820721769499418,0.903923851263439,163.0,14603,1
44,9.090909090909092,1.4018691588785046,0.0,3.7383177570093453,9.345794392523365,0.0,1.4018691588785046,22.0,214,9,0.0,2.272727272727273,2.272727272727273,2.272727272727273,4.545454545454546,0.0,0.0,28.0,44,2
9,0.0,2.2222222222222223,0.0,5.185185185185185,2.9629629629629632,2.2222222222222223,1.4814814814814816,40.0,135,2,0.0,0.0,0.0,20.0,20.0,0.0,0.0,12.5,5,1
22,18.181818181818183,3.9735099337748347,0.0,4.635761589403973,10.264900662251655,0.0,1.3245033112582782,33.0,302,270,6.666666666666667,1.3222770058269833,0.0,2.6109367996414163,4.471089197669206,0.7395786642761094,1.1205737337516808,93.0,8924,2
1,0.0,1.5384615384615385,0.0,3.076923076923077,5.384615384615385,0.0,0.7692307692307693,676.0,130,1,0.0,0.0,0.0,0.0,0.0,0.0,0.0,19.0,4,1
1,0.0,1.1111111111111112,0.0,0.0,0.0,0.0,2.2222222222222223,469.0,90,10,0.0,0.7547169811320755,0.37735849056603776,2.6415094339622645,4.150943396226415,0.37735849056603776,1.509433962264151,127.5,265,1
330,16.060606060606062,2.2758037225042305,0.11844331641285956,3.2233502538071064,7.868020304568528,0.23688663282571912,1.6328257191201352,117.0,11820,491,21.181262729124235,1.9856488927378446,0.06495113200544353,3.2259062229370286,7.617839910924163,0.4670295682296178,1.7784238525300013,144.0,32332,3
336,2.976190476190476,1.7552916881775942,0.07743933918430562,2.865255549819308,3.5105833763551884,1.23902942694889,0.9034589571502324,50.5,3874,90,0.0,0.0,0.06743088334457181,1.416048550236008,1.2811867835468644,1.078894133513149,0.6743088334457181,68.0,1483,3
13,0.0,2.7624309392265194,0.0,2.7624309392265194,0.5524861878453038,1.6574585635359116,0.0,78.0,181,36,0.0,0.7211538461538461,0.2403846153846154,1.3221153846153846,1.3221153846153846,0.9615384615384616,0.7211538461538461,106.0,832,1
40,0.0,1.5686274509803921,0.0,2.3529411764705883,3.5294117647058822,0.39215686274509803,0.7843137254901961,28.5,255,2,0.0,6.666666666666667,0.0,0.0,0.0,0.0,0.0,78.0,15,2
25,0.0,0.26455026455026454,0.0,1.8518518518518516,2.6455026455026456,1.8518518518518516,0.0,53.0,378,168,5.357142857142857,1.6676418958455237,0.058513750731421885,2.1650087770626096,4.066705675833822,0.6436512580456407,0.6143943826799299,80.5,3418,2
887,1.9165727170236753,3.2873806998939554,0.023565453045834805,3.1106398020501946,3.8411688464710734,0.8188994933427596,2.3565453045834803,84.0,16974,379,1.0554089709762533,2.9406736194221237,0.034193879295606085,2.5816378868182595,3.351000170969397,0.5300051290818943,2.1200205163275774,66.0,5849,4
17,0.0,2.2123893805309733,0.0,3.5398230088495577,3.982300884955752,0.0,0.0,43.0,226,1,0.0,0.0,0.0,0.0,0.0,0.0,0.0,78.0,14,1
46,4.3478260869565215,2.0021451555237753,0.10725777618877369,1.6446192348945299,3.575259206292456,0.14301036825169824,1.1798355380765104,118.0,2797,22,18.181818181818183,2.117148906139732,0.14114326040931546,1.6231474947071278,4.234297812279464,0.4234297812279464,1.9054340155257588,292.0,1417,2
54,1.8518518518518516,3.202479338842975,0.10330578512396695,2.6859504132231407,3.4090909090909087,0.9297520661157025,0.4132231404958678,69.0,968,1185,1.6033755274261603,1.4114196682247273,0.06415543946476034,2.712858583081294,4.261754193016222,0.2474566950783613,0.5865640179635231,37.0,10911,2
84,2.380952380952381,2.644628099173554,0.24793388429752067,2.479338842975207,3.884297520661157,0.3305785123966942,1.1570247933884297,38.5,1210,11,0.0,1.7241379310344827,0.0,5.172413793103448,3.4482758620689653,0.0,0.0,29.0,58,2
5,0.0,1.7857142857142856,1.7857142857142856,0.0,0.0,0.0,7.142857142857142,18.0,56,469,2.345415778251599,2.706005586592179,0.034916201117318434,2.3743016759776534,3.456703910614525,1.3093575418994414,1.518854748603352,42.0,5728,1
8,0.0,1.5202702702702704,0.16891891891891891,1.8581081081081081,2.195945945945946,1.6891891891891893,1.3513513513513513,308.5,592,23,17.391304347826086,0.853658536585366,0.0,3.1707317073170733,7.317073170731707,0.6097560975609756,1.707317073170732,62.0,820,1
68,4.411764705882353,0.8740692780835222,0.0,1.5539009388151506,1.8128844286176757,0.09711880867594691,0.32372936225315635,104.5,3089,331,2.416918429003021,0.7865323582171933,0.05519525320822409,1.9456326755898992,2.7183662205050365,0.3449703325514006,0.9659169311439217,84.0,7247,2
193,1.5544041450777202,4.07911001236094,0.0,2.3485784919653896,3.646477132262052,1.1742892459826948,1.4215080346106306,41.0,1618,956,1.4644351464435146,2.6714801444043323,0.04813477737665463,2.394705174488568,3.8267148014440435,0.878459687123947,1.84115523465704,42.0,8310,3
28,3.571428571428571,3.4090909090909087,0.2840909090909091,3.4090909090909087,6.25,0.5681818181818182,2.556818181818182,60.5,352,1791,2.9034059184812953,1.5400410677618068,0.060668284487586335,2.7580735486279635,4.9421317901810715,0.3593429158110883,1.2366996453238754,51.0,21428,2
50,0.0,2.3486901535682025,0.0,2.619692863595303,1.6260162601626018,0.36133694670280037,1.2646793134598013,111.5,1107,243,0.411522633744856,2.066772655007949,0.1271860095389507,2.0190779014308426,1.9077901430842605,0.2543720190779014,0.9220985691573927,108.0,6290,2
43,0.0,3.3816425120772946,0.0,1.1272141706924315,2.737520128824477,0.966183574879227,2.254428341384863,67.0,621,3706,1.3761467889908259,1.7800559179869526,0.07921714818266543,2.483690587138863,3.699906803355079,0.7409133271202237,0.9226467847157502,24.0,21460,2
81,8.641975308641975,3.027950310559006,0.07763975155279502,2.9114906832298137,3.687888198757764,0.34937888198757766,0.9316770186335404,73.0,2576,23,4.3478260869565215,0.7259528130671506,0.18148820326678766,2.540834845735027,4.537205081669692,0.3629764065335753,2.9038112522686026,91.0,551,2
395,4.810126582278481,2.0828642197703218,0.033776176536816034,2.893492456653907,5.066426480522405,1.5424453951812653,1.3960819635217292,91.0,8882,725,10.758620689655173,1.938148697309892,0.04765939419614488,3.2249523406058036,5.327261173480195,1.4986231730565558,1.7845795382334253,113.0,18884,3
939,3.08839190628328,1.3405023201001696,0.029461589452750975,3.5206599396037417,5.641894380201812,1.3625985121897326,1.583560433085365,42.0,13577,726,8.1267217630854,1.1269906084115966,0.06533278889342589,4.622294814209882,7.6684360963658635,1.0861576153532055,1.380155165373622,52.0,12245,4
351,3.9886039886039883,3.281585258109302,0.05048592704783542,3.130127476965796,4.101981572636627,0.8077748327653668,1.6786570743405276,80.0,7923,1450,6.96551724137931,2.392386788839457,0.014731445744085324,3.2998438466751128,4.796558734274182,0.6835390825255591,1.585103562063581,73.0,33941,3
189,3.7037037037037033,2.5472962907790855,0.05958587814687919,3.0686727245642786,4.4093549828690595,0.7597199463727097,2.7707433338298824,144.0,6713,158,1.2658227848101267,1.8276762402088773,0.0,3.414340228961639,4.940751154850371,1.0443864229765014,2.510544286001205,127.5,4979,3
286,3.8461538461538463,2.108515859311097,0.07270744342452058,2.6901754067072616,4.007997818776697,0.6089248386803598,1.363264564209761,141.0,11003,9,22.22222222222222,1.4150943396226416,0.0,4.245283018867925,7.783018867924528,1.4150943396226416,1.179245283018868,204.0,424,3
291,3.0927835051546393,2.5847759070429217,0.02371354043158644,2.015650936684847,3.7704529286222437,0.8062603746739389,0.9485416172634575,51.0,4217,319,3.4482758620689653,1.7462580185317176,0.03563791874554526,2.5302922309337132,4.365645046329295,0.67712045616536,0.4454739843193158,64.0,5612,3
370,7.027027027027027,2.5922872584043235,0.05496015388843088,3.7464504900613727,6.7600989282769985,1.0350828982321152,2.134285976000733,114.5,10917,137,2.9197080291970803,2.2847100175746924,0.1054481546572935,2.6362038664323375,4.780316344463972,0.210896309314587,2.038664323374341,73.0,2845,3
13,15.384615384615385,3.3557046979865772,0.0,2.013422818791946,5.369127516778524,2.013422818791946,2.013422818791946,48.0,149,10,10.0,2.083333333333333,0.0,2.7777777777777777,6.25,2.7777777777777777,2.7777777777777777,59.5,144,1
148,2.027027027027027,2.1071115013169446,0.08779631255487269,3.4679543459174713,4.6093064091308165,0.5706760316066725,1.3608428446005267,51.0,2278,430,1.627906976744186,1.5617452906134277,0.08050233456770246,2.3989695701175333,3.059088713572694,0.28980840444372885,0.9177266140718081,48.5,6211,3
785,11.0828025477707,1.806089848079807,0.11084305926843581,4.3554802112538304,8.613157723153158,0.5933363760839799,1.3040359913933623,77.0,15337,3272,10.08557457212714,1.5527666409831142,0.05223773392710224,4.1894662609535995,8.233972810259491,0.45577422851396704,1.3895237224609196,93.0,76573,4
349,4.297994269340974,1.810385898046689,0.09528346831824679,2.906145783706527,4.930919485469271,0.35731300619342543,1.8580276322058122,35.0,4198,60,8.333333333333332,1.5918958031837915,0.2894356005788712,4.196816208393632,5.788712011577424,0.2894356005788712,1.447178002894356,42.5,691,3
943,2.757158006362672,1.8225862267850963,0.08074749106009921,2.3993540200715193,3.7201522666974274,0.43257584496481716,0.8017072326681277,67.0,17338,100,4.0,1.9121447028423773,0.15503875968992248,2.5839793281653747,3.7726098191214468,0.2583979328165375,1.3953488372093024,68.0,1935,4
2160,1.0648148148148149,2.721990009175247,0.07900907330003058,2.6557243347945763,3.5401162197981444,0.8690998063003365,1.5444999490264044,69.5,39236,2573,0.7384376214535562,1.5490200816799982,0.04591479181266765,3.5813537613880766,5.024044851501897,0.8216331166477369,1.5707691935912618,61.0,41381,4
22,0.0,2.7950310559006213,0.0,2.1739130434782608,5.279503105590062,0.0,1.5527950310559007,66.5,322,1,0.0,0.0,0.0,0.0,25.0,0.0,0.0,26.0,4,2
20,10.0,1.8181818181818181,0.0,2.909090909090909,4.7272727272727275,0.0,0.36363636363636365,49.0,275,4,25.0,0.9803921568627451,0.0,3.9215686274509802,8.823529411764707,0.0,0.0,173.5,102,2
