venue,date_post,id,author,length,first,idpauthor,intervention_flag,date_idx
/r/Incels,2017-07-11,2039,462,142.74252084355075,90,4.413419913419913,0,-119
/r/Incels,2017-07-13,1297,257,130.97764070932922,26,5.046692607003891,0,-117
/r/Incels,2017-07-14,2712,545,138.39712389380531,128,4.9761467889908255,0,-116
/r/Incels,2017-07-15,2489,527,137.7372438730414,105,4.722960151802656,0,-115
/r/Incels,2017-07-16,3034,567,155.71654581410678,149,5.350970017636684,0,-114
/r/Incels,2017-07-17,3444,616,141.95296167247386,144,5.590909090909091,0,-113
/r/Incels,2017-07-18,3711,634,154.12611156022635,149,5.853312302839116,0,-112
/r/Incels,2017-07-19,3250,589,146.76,98,5.517826825127335,0,-111
/r/Incels,2017-07-20,2868,536,144.36436541143655,86,5.350746268656716,0,-110
/r/Incels,2017-07-21,2916,586,135.20919067215362,120,4.976109215017065,0,-109
/r/Incels,2017-07-22,2795,561,151.05330948121644,99,4.982174688057041,0,-108
/r/Incels,2017-07-23,465,151,139.68172043010753,15,3.0794701986754967,0,-107
/r/Incels,2017-08-01,1142,161,124.8292469352014,8,7.093167701863354,0,-98
/r/Incels,2017-08-05,1071,149,132.79551820728292,1,7.1879194630872485,0,-94
/r/Incels,2017-08-07,1127,172,115.77551020408163,1,6.5523255813953485,0,-92
/r/Incels,2017-08-08,1075,171,124.03627906976745,2,6.286549707602339,0,-91
/r/Incels,2017-08-09,3436,614,133.5861466821886,230,5.596091205211726,0,-90
/r/Incels,2017-08-10,2250,582,149.52177777777777,172,3.865979381443299,0,-89
/r/Incels,2017-08-11,2738,597,136.527392257122,175,4.586264656616415,0,-88
/r/Incels,2017-08-12,2838,551,144.1198026779422,123,5.150635208711433,0,-87
/r/Incels,2017-08-13,3088,664,147.73413212435233,199,4.650602409638554,0,-86
/r/Incels,2017-08-14,1675,337,135.43701492537315,42,4.970326409495549,0,-85
/r/Incels,2017-08-15,3772,726,143.70015906680806,219,5.195592286501378,0,-84
/r/Incels,2017-08-16,3292,701,143.98207776427702,183,4.696148359486448,0,-83
/r/Incels,2017-08-17,3513,782,154.22744093367493,246,4.4923273657289,0,-82
/r/Incels,2017-08-18,3636,719,158.89906490649065,190,5.057023643949931,0,-81
/r/Incels,2017-08-19,2495,496,145.574749498998,102,5.030241935483871,0,-80
/r/Incels,2017-08-20,3658,688,140.32750136686715,180,5.316860465116279,0,-79
/r/Incels,2017-08-21,2737,596,137.45232005845816,131,4.592281879194631,0,-78
/r/Incels,2017-08-22,2972,627,131.09589502018844,137,4.7400318979266345,0,-77
/r/Incels,2017-08-23,3804,732,126.6264458464774,195,5.19672131147541,0,-76
/r/Incels,2017-08-24,3667,763,137.84946823016088,209,4.806028833551769,0,-75
/r/Incels,2017-08-25,3898,769,148.2362750128271,187,5.068920676202861,0,-74
/r/Incels,2017-08-26,3910,760,154.65728900255755,206,5.144736842105263,0,-73
/r/Incels,2017-08-27,3838,777,143.91636268890048,202,4.93951093951094,0,-72
/r/Incels,2017-08-28,3969,747,146.29352481733434,159,5.313253012048193,0,-71
/r/Incels,2017-08-29,3885,751,130.81003861003862,163,5.173102529960053,0,-70
/r/Incels,2017-08-30,3534,717,134.35597057159026,151,4.928870292887029,0,-69
/r/Incels,2017-08-31,3915,704,131.25925925925927,163,5.561079545454546,0,-68
/r/Incels,2017-09-01,3597,736,129.29357798165137,190,4.887228260869565,0,-67
/r/Incels,2017-09-02,3281,653,128.82718683328252,136,5.024502297090352,0,-66
/r/Incels,2017-09-03,3340,720,134.3562874251497,166,4.638888888888889,0,-65
/r/Incels,2017-09-04,3723,720,134.31453129196885,161,5.170833333333333,0,-64
/r/Incels,2017-09-05,4026,739,126.44361649279682,151,5.447902571041949,0,-63
/r/Incels,2017-09-06,3598,738,130.95358532518065,157,4.875338753387534,0,-62
/r/Incels,2017-09-07,3901,717,142.5554985901051,150,5.4407252440725244,0,-61
/r/Incels,2017-09-08,3275,666,125.69557251908397,118,4.9174174174174174,0,-60
/r/Incels,2017-09-09,3752,693,123.44856076759062,144,5.414141414141414,0,-59
/r/Incels,2017-09-10,3309,691,119.26956784527047,136,4.788712011577424,0,-58
/r/Incels,2017-09-11,3306,711,127.90562613430127,135,4.649789029535865,0,-57
/r/Incels,2017-09-12,3529,669,134.67809577784075,133,5.275037369207773,0,-56
/r/Incels,2017-09-13,3602,739,123.33481399222654,133,4.874154262516915,0,-55
/r/Incels,2017-09-14,4074,774,126.72901325478645,165,5.263565891472868,0,-54
/r/Incels,2017-09-15,4584,832,121.41186736474694,179,5.509615384615385,0,-53
/r/Incels,2017-09-16,4435,819,125.84171364148816,213,5.415140415140415,0,-52
/r/Incels,2017-09-17,3837,731,139.21240552514985,165,5.248974008207934,0,-51
/r/Incels,2017-09-18,3490,670,143.41146131805158,129,5.208955223880597,0,-50
/r/Incels,2017-09-19,3353,718,137.16522517148823,139,4.66991643454039,0,-49
/r/Incels,2017-09-20,1274,248,135.80455259026687,18,5.137096774193548,0,-48
/r/Incels,2017-09-21,1245,278,112.51164658634538,31,4.4784172661870505,0,-47
/r/Incels,2017-09-22,1228,228,96.66042345276873,15,5.385964912280702,0,-46
/r/Incels,2017-09-23,1562,272,110.89116517285531,16,5.742647058823529,0,-45
/r/Incels,2017-09-24,1411,269,100.08433734939759,23,5.245353159851301,0,-44
/r/Incels,2017-09-25,1282,253,110.56162246489859,16,5.067193675889328,0,-43
/r/Incels,2017-09-26,1116,211,105.24820788530467,4,5.289099526066351,0,-42
/r/Incels,2017-09-27,1306,237,104.02756508422665,15,5.510548523206751,0,-41
/r/Incels,2017-09-28,1664,208,96.1141826923077,10,8.0,0,-40
/r/Incels,2017-09-29,3506,617,124.36794067313177,162,5.682333873581848,0,-39
/r/Incels,2017-09-30,3938,654,107.95149822244794,128,6.021406727828746,0,-38
/r/Incels,2017-10-01,3325,696,115.85984962406015,152,4.777298850574713,0,-37
/r/Incels,2017-10-02,3399,723,137.4763165636952,183,4.7012448132780085,0,-36
/r/Incels,2017-10-03,2977,676,108.72421901242862,143,4.403846153846154,0,-35
/r/Incels,2017-10-04,3419,716,114.58847616262065,157,4.7751396648044695,0,-34
/r/Incels,2017-10-05,2918,668,119.7217272104181,142,4.368263473053892,0,-33
/r/Incels,2017-10-06,3602,739,119.17240421987785,161,4.874154262516915,0,-32
/r/Incels,2017-10-07,3553,685,126.95750070363073,137,5.186861313868613,0,-31
/r/Incels,2017-10-08,3316,656,129.41284680337756,127,5.054878048780488,0,-30
/r/Incels,2017-10-09,3729,735,127.97103781174577,142,5.073469387755102,0,-29
/r/Incels,2017-10-10,4425,870,135.78621468926553,221,5.086206896551724,0,-28
/r/Incels,2017-10-11,3807,784,132.71657473075913,135,4.855867346938775,0,-27
/r/Incels,2017-10-12,4264,833,125.85506566604127,174,5.118847539015606,0,-26
/r/Incels,2017-10-13,5171,1035,129.93173467414425,375,4.996135265700483,0,-25
/r/Incels,2017-10-15,5066,919,126.90465850769839,219,5.512513601741023,0,-23
/r/Incels,2017-10-16,4505,980,143.29034406215317,243,4.596938775510204,0,-22
/r/Incels,2017-10-17,5656,1083,123.91637199434228,272,5.22253000923361,0,-21
/r/Incels,2017-10-18,5428,1012,125.27818717759764,221,5.363636363636363,0,-20
/r/Incels,2017-10-19,4761,938,111.10354967443814,192,5.075692963752665,0,-19
/r/Incels,2017-10-20,5476,1006,100.36888239590942,221,5.443339960238569,0,-18
/r/Incels,2017-10-21,5064,1021,105.22511848341232,226,4.959843290891283,0,-17
/r/Incels,2017-10-22,5852,1248,114.75512645249488,408,4.689102564102564,0,-16
/r/Incels,2017-10-23,6561,1157,113.71040999847584,309,5.670700086430424,0,-15
/r/Incels,2017-10-24,6650,1110,113.0190977443609,242,5.990990990990991,0,-14
/r/Incels,2017-10-25,5717,1065,109.6401959069442,208,5.368075117370892,0,-13
/r/Incels,2017-10-26,5547,1134,112.03208941770326,272,4.891534391534392,0,-12
/r/Incels,2017-10-27,5716,1037,110.14695591322604,212,5.51205400192864,0,-11
/r/Incels,2017-10-28,5324,1003,110.74906085649887,215,5.3080757726819545,0,-10
/r/Incels,2017-10-29,6129,1088,112.01060531897537,230,5.633272058823529,0,-9
/r/Incels,2017-10-30,4322,918,109.4481721425266,144,4.708061002178649,0,-8
/r/Incels,2017-10-31,2850,648,104.0638596491228,95,4.398148148148148,0,-7
/r/Incels,2017-11-01,4235,895,120.39834710743801,271,4.731843575418995,0,-6
/r/Incels,2017-11-02,4810,969,115.82931392931393,216,4.9638802889576885,0,-5
/r/Incels,2017-11-03,670,283,128.10298507462687,55,2.3674911660777385,0,-4
/r/Incels,2017-11-08,3118,311,108.11577934573444,222,10.02572347266881,1,1
/r/Incels,2017-11-09,3106,273,109.6445589182228,82,11.377289377289378,1,2
/r/Incels,2017-11-10,2296,219,113.36454703832753,46,10.484018264840183,1,3
/r/Incels,2017-11-11,2672,230,125.73914670658682,42,11.617391304347827,1,4
/r/Incels,2017-11-12,3193,232,120.42248668963357,35,13.762931034482758,1,5
/r/Incels,2017-11-13,2624,227,112.81364329268293,21,11.559471365638766,1,6
/r/Incels,2017-11-14,2113,218,137.37434926644582,22,9.692660550458715,1,7
/r/Incels,2017-11-15,2441,222,123.132322818517,14,10.995495495495495,1,8
/r/Incels,2017-11-16,2348,212,158.82112436115844,13,11.075471698113208,1,9
/r/Incels,2017-11-17,2754,207,132.15831517792301,20,13.304347826086957,1,10
/r/Incels,2017-11-18,2690,204,140.26468401486989,11,13.186274509803921,1,11
/r/Incels,2017-11-19,2900,211,135.7396551724138,19,13.744075829383887,1,12
/r/Incels,2017-11-20,2576,216,137.76591614906832,15,11.925925925925926,1,13
/r/Incels,2017-11-21,2352,196,140.39880952380952,14,12.0,1,14
/r/Incels,2017-11-22,2095,186,135.12028639618137,10,11.263440860215054,1,15
/r/Incels,2017-11-23,2260,185,146.89690265486726,15,12.216216216216216,1,16
/r/Incels,2017-11-24,2588,179,132.43122102009275,9,14.458100558659218,1,17
/r/Incels,2017-11-25,2353,194,132.18019549511263,16,12.128865979381443,1,18
/r/Incels,2017-11-26,2490,206,134.51767068273094,10,12.087378640776699,1,19
/r/Incels,2017-11-27,2771,217,126.5135330205702,15,12.76958525345622,1,20
/r/Incels,2017-11-28,2595,216,135.66782273603084,11,12.01388888888889,1,21
/r/Incels,2017-11-29,2236,197,131.78175313059035,8,11.350253807106599,1,22
/r/Incels,2017-11-30,2650,205,126.68716981132076,10,12.926829268292684,1,23
/r/Incels,2017-12-01,2550,205,124.26117647058824,8,12.439024390243903,1,24
/r/Incels,2017-12-02,2446,214,136.5437448896157,13,11.429906542056075,1,25
/r/Incels,2017-12-03,2292,210,165.83376963350784,10,10.914285714285715,1,26
/r/Incels,2017-12-04,2632,211,136.79407294832828,10,12.4739336492891,1,27
/r/Incels,2017-12-05,2867,201,127.54482036972445,14,14.2636815920398,1,28
/r/Incels,2017-12-06,2559,213,126.79015240328253,13,12.014084507042254,1,29
/r/Incels,2017-12-07,2540,203,123.67125984251969,19,12.51231527093596,1,30
/r/Incels,2017-12-08,2444,191,124.02536824877251,9,12.795811518324607,1,31
/r/Incels,2017-12-09,2825,197,129.93274336283187,10,14.34010152284264,1,32
/r/Incels,2017-12-10,2787,204,127.48905633297453,9,13.661764705882353,1,33
/r/Incels,2017-12-11,2675,211,125.5973831775701,11,12.677725118483412,1,34
/r/Incels,2017-12-12,2417,212,134.32726520479935,7,11.400943396226415,1,35
/r/Incels,2017-12-13,2205,222,140.93605442176872,10,9.932432432432432,1,36
/r/Incels,2017-12-14,1929,212,124.41575946086056,14,9.099056603773585,1,37
/r/Incels,2017-12-15,2625,199,130.17904761904762,10,13.190954773869347,1,38
/r/Incels,2017-12-16,2700,193,117.26333333333334,10,13.989637305699482,1,39
/r/Incels,2017-12-17,3330,201,103.27057057057057,8,16.567164179104477,1,40
/r/Incels,2017-12-18,2964,207,117.4089068825911,15,14.318840579710145,1,41
/r/Incels,2017-12-19,3265,207,120.18683001531393,11,15.772946859903382,1,42
/r/Incels,2017-12-20,3205,200,132.02652106084244,11,16.025,1,43
/r/Incels,2017-12-21,2988,214,122.20314591700134,17,13.962616822429906,1,44
/r/Incels,2017-12-22,2879,213,116.1854810698159,12,13.51643192488263,1,45
/r/Incels,2017-12-23,3590,221,111.4924791086351,16,16.244343891402714,1,46
/r/Incels,2017-12-24,3107,216,106.93820405535887,12,14.38425925925926,1,47
/r/Incels,2017-12-25,3640,214,110.07417582417582,8,17.009345794392523,1,48
/r/Incels,2017-12-26,3319,229,116.86321181078638,12,14.493449781659388,1,49
/r/Incels,2017-12-27,3660,215,117.50382513661202,7,17.023255813953487,1,50
/r/Incels,2017-12-28,3979,245,103.2362402613722,21,16.240816326530613,1,51
/r/Incels,2017-12-29,3907,231,103.99360122856412,7,16.913419913419915,1,52
/r/Incels,2017-12-30,4417,232,110.65927099841521,10,19.038793103448278,1,53
/r/Incels,2017-12-31,4307,240,96.2874390527049,13,17.945833333333333,1,54
/r/Incels,2018-01-01,4133,230,105.24316477135253,16,17.969565217391306,1,55
/r/Incels,2018-01-02,4145,226,106.24849215922798,15,18.34070796460177,1,56
/r/Incels,2018-01-03,3575,246,112.79496503496503,19,14.532520325203253,1,57
/r/Incels,2018-01-04,3589,237,125.18835330175537,9,15.143459915611814,1,58
/r/Incels,2018-01-05,3648,223,105.13678728070175,12,16.358744394618835,1,59
/r/Incels,2018-01-06,3325,224,119.23037593984962,8,14.84375,1,60
/r/Incels,2018-01-07,3531,218,102.672613990371,6,16.19724770642202,1,61
/r/Incels,2018-01-08,3415,223,93.10014641288433,9,15.31390134529148,1,62
/r/Incels,2018-01-09,3461,239,102.36896850621208,13,14.481171548117155,1,63
/r/Incels,2018-01-10,3426,264,114.58435493286632,11,12.977272727272727,1,64
/r/Incels,2018-01-11,3887,244,119.78157962438898,14,15.930327868852459,1,65
/r/Incels,2018-01-12,2976,235,101.23387096774194,13,12.663829787234043,1,66
/r/Incels,2018-01-13,3272,236,110.59871638141809,18,13.864406779661017,1,67
/r/Incels,2018-01-14,3560,241,114.45421348314606,17,14.771784232365146,1,68
/r/Incels,2018-01-15,3706,257,100.5035078251484,23,14.42023346303502,1,69
/r/Incels,2018-01-16,3663,261,117.59677859677859,10,14.03448275862069,1,70
/r/Incels,2018-01-17,3901,264,106.21507305819021,21,14.776515151515152,1,71
/r/Incels,2018-01-18,3710,260,102.25202156334232,8,14.26923076923077,1,72
/r/Incels,2018-01-19,3513,256,105.39994306860234,19,13.72265625,1,73
/r/Incels,2018-01-20,3301,259,110.80399878824599,10,12.745173745173744,1,74
/r/Incels,2018-01-21,3995,259,122.3061326658323,16,15.424710424710424,1,75
/r/Incels,2018-01-22,4285,264,100.19206534422403,18,16.231060606060606,1,76
/r/Incels,2018-01-23,4193,256,89.03028857619843,13,16.37890625,1,77
/r/Incels,2018-01-24,4208,240,111.83079847908745,15,17.533333333333335,1,78
/r/Incels,2018-01-25,3761,239,97.43844722148364,15,15.736401673640167,1,79
/r/Incels,2018-01-26,4389,283,103.60036454773297,27,15.508833922261484,1,80
/r/Incels,2018-01-27,4302,262,132.72687122268712,13,16.419847328244273,1,81
/r/Incels,2018-01-28,3776,251,105.47669491525424,23,15.04382470119522,1,82
/r/Incels,2018-01-29,3128,246,105.71483375959079,17,12.715447154471544,1,83
/r/Incels,2018-01-30,3716,250,106.67572658772875,10,14.864,1,84
/r/Incels,2018-01-31,3370,248,111.49436201780415,8,13.588709677419354,1,85
/r/Incels,2018-02-01,3811,264,106.31750196798741,20,14.43560606060606,1,86
/r/Incels,2018-02-02,3887,257,99.43786982248521,11,15.124513618677042,1,87
/r/Incels,2018-02-03,4305,255,98.76980255516841,18,16.88235294117647,1,88
/r/Incels,2018-02-04,4421,263,101.97692829676544,17,16.809885931558934,1,89
/r/Incels,2018-02-05,4697,254,86.53459655098999,22,18.492125984251967,1,90
/r/Incels,2018-02-06,4977,272,99.52843078159533,28,18.297794117647058,1,91
/r/Incels,2018-02-07,4808,278,93.49084858569051,24,17.294964028776977,1,92
/r/Incels,2018-02-08,4522,287,97.16452896948253,16,15.75609756097561,1,93
/r/Incels,2018-02-09,4178,263,92.44734322642412,12,15.885931558935361,1,94
/r/Incels,2018-02-10,5134,257,96.4419555901831,13,19.976653696498055,1,95
/r/Incels,2018-02-11,5334,281,99.19197600299962,20,18.98220640569395,1,96
/r/Incels,2018-02-12,4104,265,91.35233918128655,5,15.486792452830189,1,97
/r/Incels,2018-02-13,3601,256,100.44959733407387,15,14.06640625,1,98
/r/Incels,2018-02-14,4836,290,91.14536807278743,19,16.675862068965518,1,99
/r/Incels,2018-02-15,4910,304,95.6602851323829,27,16.151315789473685,1,100
/r/Incels,2018-02-16,4747,292,90.88497998736044,26,16.256849315068493,1,101
/r/Incels,2018-02-17,4814,285,82.73847112588284,29,16.891228070175437,1,102
/r/Incels,2018-02-18,4962,299,95.75755743651753,23,16.59531772575251,1,103
/r/Incels,2018-02-19,4650,288,98.05548387096775,30,16.145833333333332,1,104
/r/Incels,2018-02-20,5210,288,106.3506717850288,27,18.09027777777778,1,105
/r/Incels,2018-02-21,4608,289,103.77213541666667,22,15.944636678200691,1,106
/r/Incels,2018-02-22,3904,286,109.7797131147541,15,13.65034965034965,1,107
/r/Incels,2018-02-23,4466,268,100.23063143752799,13,16.66417910447761,1,108
/r/Incels,2018-02-24,3894,264,112.85053929121726,18,14.75,1,109
/r/Incels,2018-02-25,4161,275,112.37130497476568,18,15.13090909090909,1,110
/r/Incels,2018-02-26,2950,258,107.77966101694915,19,11.434108527131784,1,111
/r/Incels,2018-02-27,3353,251,89.33552042946614,9,13.358565737051793,1,112
/r/Incels,2018-02-28,3618,248,95.79546710889994,9,14.588709677419354,1,113
/r/Incels,2018-03-01,4151,238,92.1667068176343,8,17.441176470588236,1,114
/r/Incels,2018-03-02,3949,242,92.3664218789567,7,16.318181818181817,1,115
/r/Incels,2018-03-03,4990,255,90.27835671342686,14,19.568627450980394,1,116
/r/Incels,2018-03-04,3807,261,95.82768584187023,9,14.586206896551724,1,117
/r/Incels,2018-03-05,4014,263,105.7045341305431,9,15.262357414448669,1,118
/r/The_Donald,2019-10-30,26639,7528,118.80738766470213,227,3.5386556854410203,0,-119
/r/The_Donald,2019-10-31,28138,7607,117.5400525979103,232,3.6989614828447483,0,-118
/r/The_Donald,2019-11-01,25224,7222,123.52410402790993,195,3.492661312655774,0,-117
/r/The_Donald,2019-11-02,23088,6595,117.06878031878031,169,3.5008339651250946,0,-116
/r/The_Donald,2019-11-03,21835,6421,118.10061827341424,180,3.4005606603332814,0,-115
/r/The_Donald,2019-11-04,26516,7567,120.35612460401268,179,3.504162812210916,0,-114
/r/The_Donald,2019-11-05,29230,7862,111.23270612384536,201,3.7178834902060545,0,-113
/r/The_Donald,2019-11-06,28917,7778,123.10803333679151,274,3.717793777320648,0,-112
/r/The_Donald,2019-11-07,26916,7226,121.6065908753158,216,3.724882369222253,0,-111
/r/The_Donald,2019-11-08,25839,7028,118.93575602771006,182,3.6765793966989184,0,-110
/r/The_Donald,2019-11-09,22990,6576,115.36824706394084,164,3.4960462287104623,0,-109
/r/The_Donald,2019-11-10,20943,6073,128.61662608031324,200,3.4485427301169107,0,-108
/r/The_Donald,2019-11-11,22913,6624,133.4951774102038,219,3.4590881642512077,0,-107
/r/The_Donald,2019-11-12,26349,7105,126.63748149834909,194,3.708515130190007,0,-106
/r/The_Donald,2019-11-13,29937,7399,110.53495674249257,209,4.046087309095824,0,-105
/r/The_Donald,2019-11-14,24434,6985,118.19472865678972,195,3.498067287043665,0,-104
/r/The_Donald,2019-11-15,31802,7522,111.46817810200616,317,4.227864929540016,0,-103
/r/The_Donald,2019-11-16,20505,5992,121.06686174103876,190,3.422062750333778,0,-102
/r/The_Donald,2019-11-17,20310,5976,121.85411127523388,200,3.3985943775100402,0,-101
/r/The_Donald,2019-11-18,23454,6758,125.31474375373071,154,3.4705534181710567,0,-100
/r/The_Donald,2019-11-19,32505,7969,116.09727734194739,198,4.078930857071151,0,-99
/r/The_Donald,2019-11-20,37267,9305,105.4096117208254,953,4.005051047823751,0,-98
/r/The_Donald,2019-11-21,45713,10459,97.99380920088377,2212,4.370685533989866,0,-97
/r/The_Donald,2019-11-22,39505,10397,110.75975193013542,1895,3.799653746272963,0,-96
/r/The_Donald,2019-11-23,28193,7962,114.92671939843224,964,3.5409444863099724,0,-95
/r/The_Donald,2019-11-24,27882,7571,124.64812423785955,497,3.6827367586844537,0,-94
/r/The_Donald,2019-11-25,27716,7476,133.47225429354884,387,3.7073301230604603,0,-93
/r/The_Donald,2019-11-26,28367,7813,119.63066238939614,287,3.6307436324075257,0,-92
/r/The_Donald,2019-11-27,28225,7862,112.13353410097432,341,3.5900534215212416,0,-91
/r/The_Donald,2019-11-28,22589,6954,118.79352782327682,297,3.2483462755248778,0,-90
/r/The_Donald,2019-11-29,19862,6258,120.9734165743631,201,3.1738574624480664,0,-89
/r/The_Donald,2019-11-30,22328,6906,122.79953421712648,229,3.233130611062844,0,-88
/r/The_Donald,2019-12-01,24166,7108,127.8960109244393,233,3.399831176139561,0,-87
/r/The_Donald,2019-12-02,23625,6867,135.0736931216931,197,3.4403669724770642,0,-86
/r/The_Donald,2019-12-03,26207,7494,125.43366276185752,226,3.4970643181211636,0,-85
/r/The_Donald,2019-12-04,31861,8000,117.58783465679043,286,3.982625,0,-84
/r/The_Donald,2019-12-05,28300,7693,124.39088339222614,268,3.6786689197972184,0,-83
/r/The_Donald,2019-12-06,27189,7381,122.67497885174151,286,3.683647202276114,0,-82
/r/The_Donald,2019-12-07,20624,6332,127.15239526764934,233,3.257106759317751,0,-81
/r/The_Donald,2019-12-08,21287,6618,128.0243341006248,230,3.216530673919613,0,-80
/r/The_Donald,2019-12-09,30201,7504,123.99476838515281,236,4.024653518123667,0,-79
/r/The_Donald,2019-12-10,25261,6996,131.1066466093979,215,3.6107775871926817,0,-78
/r/The_Donald,2019-12-11,30092,7624,118.94227701714742,230,3.94700944386149,0,-77
/r/The_Donald,2019-12-12,32798,8022,115.73909994511861,270,4.088506606831214,0,-76
/r/The_Donald,2019-12-13,35048,9026,115.51780415430267,282,3.8830046532240194,0,-75
/r/The_Donald,2019-12-14,23476,6903,127.27888055886864,216,3.4008402143995364,0,-74
/r/The_Donald,2019-12-15,23405,6690,130.30976287118136,175,3.498505231689088,0,-73
/r/The_Donald,2019-12-16,24415,7130,130.87909072291623,178,3.4242636746143056,0,-72
/r/The_Donald,2019-12-17,27495,7763,128.63193307874158,221,3.5418008501867835,0,-71
/r/The_Donald,2019-12-18,35779,8663,113.74390005310377,337,4.130093501096618,0,-70
/r/The_Donald,2019-12-19,42942,11166,117.39355409622281,882,3.845781837721655,0,-69
/r/The_Donald,2019-12-20,33594,8781,125.03872715365839,334,3.825760163990434,0,-68
/r/The_Donald,2019-12-21,22267,7033,128.22261642789778,215,3.1660742215270865,0,-67
/r/The_Donald,2019-12-22,21249,6730,129.29935526377713,210,3.1573551263001485,0,-66
/r/The_Donald,2019-12-23,22226,6889,137.66593179159543,191,3.2263028015677166,0,-65
/r/The_Donald,2019-12-24,18941,6292,128.17396124808616,186,3.010330578512397,0,-64
/r/The_Donald,2019-12-25,16114,5659,121.72067767158993,160,2.847499558225835,0,-63
/r/The_Donald,2019-12-26,16843,5758,136.39535712165292,144,2.9251476207016327,0,-62
/r/The_Donald,2019-12-27,21452,6564,141.17578780533285,178,3.268129189518586,0,-61
/r/The_Donald,2019-12-28,18277,5781,138.57192099359852,169,3.1615637432970076,0,-60
/r/The_Donald,2019-12-29,20410,6172,135.1344928956394,180,3.3068697342838624,0,-59
/r/The_Donald,2019-12-30,22856,6856,136.0662845642282,189,3.3337222870478413,0,-58
/r/The_Donald,2019-12-31,23026,6766,129.23959871449665,185,3.4031924327519953,0,-57
/r/The_Donald,2020-01-01,20523,6502,125.18584027676266,228,3.1564134112580744,0,-56
/r/The_Donald,2020-01-02,22753,6806,136.61350151628358,231,3.3430796356156334,0,-55
/r/The_Donald,2020-01-03,30574,8310,120.97844573820893,311,3.679181708784597,0,-54
/r/The_Donald,2020-01-04,22736,6978,126.73381421534131,230,3.2582401834336485,0,-53
/r/The_Donald,2020-01-05,23181,7009,128.3463181053449,218,3.3073191610786132,0,-52
/r/The_Donald,2020-01-06,25292,7500,131.86683536296061,243,3.3722666666666665,0,-51
/r/The_Donald,2020-01-07,25910,7673,133.45252798147433,215,3.376775707024632,0,-50
/r/The_Donald,2020-01-08,35905,9883,120.51274195794457,435,3.6330061722149143,0,-49
/r/The_Donald,2020-01-09,27675,8072,125.57344173441734,225,3.428518334985134,0,-48
/r/The_Donald,2020-01-10,26758,7846,135.120375214889,258,3.410400203925567,0,-47
/r/The_Donald,2020-01-11,21791,6764,144.05236106649534,186,3.2216144293317566,0,-46
/r/The_Donald,2020-01-12,19957,6221,137.30610813248484,181,3.2080051438675454,0,-45
/r/The_Donald,2020-01-13,23158,7126,135.50099317730374,222,3.249789503227617,0,-44
/r/The_Donald,2020-01-14,26835,7754,132.01375069871438,241,3.4607944286819707,0,-43
/r/The_Donald,2020-01-15,30206,8180,122.51883731708932,269,3.692665036674817,0,-42
/r/The_Donald,2020-01-16,25694,7816,132.92270569004438,237,3.2873592630501536,0,-41
/r/The_Donald,2020-01-17,23801,7203,133.15701020965506,278,3.304317645425517,0,-40
/r/The_Donald,2020-01-18,19814,6212,142.17472494196022,173,3.189632968448165,0,-39
/r/The_Donald,2020-01-19,19184,6010,147.49947873227688,176,3.1920133111480866,0,-38
/r/The_Donald,2020-01-20,22391,6674,128.69577062212497,192,3.3549595445010487,0,-37
/r/The_Donald,2020-01-21,27350,7452,117.57341864716636,196,3.670155662909286,0,-36
/r/The_Donald,2020-01-22,30566,7990,121.62716744094746,223,3.825531914893617,0,-35
/r/The_Donald,2020-01-23,28116,7911,129.1432280551999,259,3.554038680318544,0,-34
/r/The_Donald,2020-01-24,25726,7121,130.13414444530824,191,3.6126948462294624,0,-33
/r/The_Donald,2020-01-25,24282,6921,114.37245696400626,144,3.5084525357607284,0,-32
/r/The_Donald,2020-01-26,20904,6535,131.11992920015308,183,3.1987758224942615,0,-31
/r/The_Donald,2020-01-27,25821,7157,130.9954300762945,203,3.6077965628056448,0,-30
/r/The_Donald,2020-01-28,26870,7186,141.90320059545962,180,3.7392151405510714,0,-29
/r/The_Donald,2020-01-29,29967,7644,125.17138852738012,203,3.92032967032967,0,-28
/r/The_Donald,2020-01-30,31847,7357,114.42280277577166,194,4.328802501019437,0,-27
/r/The_Donald,2020-01-31,38096,8348,107.09854052918942,222,4.563488260661236,0,-26
/r/The_Donald,2020-02-01,27059,7649,119.87457038323663,227,3.537586612629102,0,-25
/r/The_Donald,2020-02-02,22134,6898,130.57273877292852,188,3.208756161206147,0,-24
/r/The_Donald,2020-02-03,29226,7860,120.60295627181277,208,3.718320610687023,0,-23
/r/The_Donald,2020-02-04,34195,8750,115.44135107471853,289,3.908,0,-22
/r/The_Donald,2020-02-05,61658,12492,89.58008693113626,488,4.935798911303234,0,-21
/r/The_Donald,2020-02-06,33842,9289,114.83316588854086,350,3.6432339326084615,0,-20
/r/The_Donald,2020-02-07,29284,8064,121.49921458817101,232,3.6314484126984126,0,-19
/r/The_Donald,2020-02-08,29335,7742,114.49694903698654,237,3.7890725910617413,0,-18
/r/The_Donald,2020-02-09,24427,7346,135.73586604986286,269,3.325210999183229,0,-17
/r/The_Donald,2020-02-10,26250,7684,129.5142095238095,222,3.416189484643415,0,-16
/r/The_Donald,2020-02-11,29944,8413,129.72869356131446,265,3.5592535361939857,0,-15
/r/The_Donald,2020-02-12,33733,9046,133.32819494263777,248,3.729051514481539,0,-14
/r/The_Donald,2020-02-13,28252,8012,137.77290103355514,191,3.526210683974039,0,-13
/r/The_Donald,2020-02-14,26630,7296,130.24994367254976,136,3.6499451754385963,0,-12
/r/The_Donald,2020-02-15,21597,6555,127.37370931147845,156,3.294736842105263,0,-11
/r/The_Donald,2020-02-16,22548,6681,129.75563242859678,177,3.374943870678042,0,-10
/r/The_Donald,2020-02-17,23223,7228,125.36834173018129,205,3.2129219701162146,0,-9
/r/The_Donald,2020-02-18,25546,7570,133.41110154231583,217,3.3746367239101716,0,-8
/r/The_Donald,2020-02-19,26660,7538,132.48683420855212,192,3.5367471477845585,0,-7
/r/The_Donald,2020-02-20,32475,8129,115.09986143187066,224,3.9949563291917825,0,-6
/r/The_Donald,2020-02-21,25900,7368,125.53621621621622,234,3.515200868621064,0,-5
/r/The_Donald,2020-02-22,19815,6266,123.92884178652535,176,3.162304500478774,0,-4
/r/The_Donald,2020-02-23,20688,6359,131.38795436968292,177,3.2533417203962887,0,-3
/r/The_Donald,2020-02-24,25303,7501,127.1569379125005,248,3.3732835621917077,0,-2
/r/The_Donald,2020-02-25,36582,10178,101.76482969766552,714,3.594222833562586,0,-1
/r/The_Donald,2020-02-26,43848,11521,103.14142036124795,1194,3.805919625032549,1,0
/r/The_Donald,2020-02-27,28240,9325,130.86990084985837,1428,3.0284182305630027,1,1
/r/The_Donald,2020-02-28,16570,5209,166.2973445986723,795,3.1810328277980418,1,2
/r/The_Donald,2020-02-29,14755,4076,136.0303625889529,490,3.619970559371933,1,3
/r/The_Donald,2020-03-01,13035,3658,134.00935941695437,375,3.563422635319847,1,4
/r/The_Donald,2020-03-02,13578,3748,131.55162763293563,367,3.6227321237993597,1,5
/r/The_Donald,2020-03-03,16767,4680,123.83539094650206,394,3.582692307692308,1,6
/r/The_Donald,2020-03-04,20302,5282,114.91099399073983,488,3.8436198409693296,1,7
/r/The_Donald,2020-03-05,11626,3685,117.12214003096508,242,3.1549525101763907,1,8
/r/The_Donald,2020-03-06,14428,3588,122.15317438314389,273,4.02118171683389,1,9
/r/The_Donald,2020-03-07,10900,2894,134.66770642201834,167,3.7664132688320664,1,10
/r/The_Donald,2020-03-08,10541,2826,132.98956455744238,155,3.730007077140835,1,11
/r/The_Donald,2020-03-09,11638,2937,145.16248496305207,154,3.9625468164794007,1,12
/r/The_Donald,2020-03-10,13385,3306,124.11804258498319,178,4.0486993345432545,1,13
/r/The_Donald,2020-03-11,14405,3609,130.99368274904546,279,3.9914103629814353,1,14
/r/The_Donald,2020-03-12,14634,3560,131.560065600656,364,4.110674157303371,1,15
/r/The_Donald,2020-03-13,16397,3431,130.18875404037323,237,4.779073156514136,1,16
/r/The_Donald,2020-03-14,14470,3269,124.10559778852799,253,4.426430100948302,1,17
/r/The_Donald,2020-03-15,15165,3388,137.99314210352787,242,4.4760920897284535,1,18
/r/The_Donald,2020-03-16,16475,3555,135.2211229135053,232,4.634317862165964,1,19
/r/The_Donald,2020-03-17,17306,3448,135.47642436149312,189,5.019141531322505,1,20
/r/The_Donald,2020-03-18,18113,3736,130.10727102081378,219,4.84823340471092,1,21
/r/The_Donald,2020-03-19,18115,3627,137.47424786088877,172,4.994485800937414,1,22
/r/The_Donald,2020-03-20,18518,3723,131.8806026568744,186,4.973945742680634,1,23
/r/The_Donald,2020-03-21,17292,3484,131.13607448531113,150,4.963260619977038,1,24
/r/The_Donald,2020-03-22,18633,3612,142.71373369827725,161,5.158637873754153,1,25
/r/The_Donald,2020-03-23,18266,3527,138.58447388590824,133,5.178905585483414,1,26
/r/The_Donald,2020-03-24,18598,3624,129.2942789547263,144,5.131898454746137,1,27
/r/The_Donald,2020-03-25,21064,3924,134.74577478161794,172,5.367991845056065,1,28
/r/The_Donald,2020-03-26,19726,3851,138.47759302443475,169,5.122305894572838,1,29
/r/The_Donald,2020-03-27,18790,3632,132.44252261841405,134,5.173458149779735,1,30
/r/The_Donald,2020-03-28,16677,3333,137.06218144750255,140,5.003600360036003,1,31
/r/The_Donald,2020-03-29,16716,3362,142.00209380234506,120,4.972040452111838,1,32
/r/The_Donald,2020-03-30,18774,3770,139.35756897837436,187,4.979840848806366,1,33
/r/The_Donald,2020-03-31,18414,3834,142.33561420658194,175,4.802816901408451,1,34
/r/The_Donald,2020-04-01,17435,3654,144.15497562374534,129,4.771483305966065,1,35
/r/The_Donald,2020-04-02,19318,3727,144.73335749042343,137,5.183257311510598,1,36
/r/The_Donald,2020-04-03,19635,3742,148.8150751209575,148,5.247194013896312,1,37
/r/The_Donald,2020-04-04,17161,3347,149.76644717673796,118,5.127278159545862,1,38
/r/The_Donald,2020-04-05,16278,3354,148.29684236392677,107,4.853309481216458,1,39
/r/The_Donald,2020-04-06,18222,3586,133.4960487323016,93,5.081427774679309,1,40
/r/The_Donald,2020-04-07,18523,3659,135.9826701938131,112,5.0623121071330965,1,41
/r/The_Donald,2020-04-08,20009,4117,139.48378229796592,152,4.860092300218605,1,42
/r/The_Donald,2020-04-09,19813,3785,136.40650078231465,115,5.2346103038309115,1,43
/r/The_Donald,2020-04-10,19136,3625,134.70296822742475,94,5.278896551724138,1,44
/r/The_Donald,2020-04-11,17119,3482,142.31041532799813,115,4.916427340608846,1,45
/r/The_Donald,2020-04-12,16715,3425,146.46868082560573,100,4.8802919708029195,1,46
/r/The_Donald,2020-04-13,18484,3817,141.27775373295825,128,4.842546502488865,1,47
/r/The_Donald,2020-04-14,17620,3767,135.9772417707151,102,4.677462171489249,1,48
/r/The_Donald,2020-04-15,18862,3885,127.62734598663981,121,4.855083655083655,1,49
/r/The_Donald,2020-04-16,19590,3879,138.26932108218477,133,5.050270688321732,1,50
/r/The_Donald,2020-04-17,18358,3705,136.8243817409304,123,4.954925775978408,1,51
/r/The_Donald,2020-04-18,16350,3453,137.35113149847095,131,4.73501303214596,1,52
/r/The_Donald,2020-04-19,15338,3280,145.19878732559656,102,4.6762195121951216,1,53
/r/The_Donald,2020-04-20,17582,3652,145.15527243772038,86,4.814348302300109,1,54
/r/The_Donald,2020-04-21,19755,3919,129.69055935206276,123,5.040826741515692,1,55
/r/The_Donald,2020-04-22,20831,3994,141.65071287984253,139,5.21557336004006,1,56
/r/The_Donald,2020-04-23,19355,3652,149.85295789201757,107,5.299835706462212,1,57
/r/The_Donald,2020-04-24,18403,3613,138.92762049665816,115,5.093551065596457,1,58
/r/The_Donald,2020-04-25,14688,3043,149.281045751634,110,4.826815642458101,1,59
/r/The_Donald,2020-04-26,16365,3141,142.0768102658112,81,5.210124164278892,1,60
/r/The_Donald,2020-04-27,16661,3289,152.990276694076,86,5.065673456977805,1,61
/r/The_Donald,2020-04-28,17924,3518,143.4987725954028,102,5.094940306992609,1,62
/r/The_Donald,2020-04-29,18160,3602,145.31200440528633,111,5.04164353137146,1,63
/r/The_Donald,2020-04-30,20004,3713,147.84473105378925,106,5.387557231349313,1,64
/r/The_Donald,2020-05-01,18186,3663,134.19723963488397,105,4.964782964782965,1,65
/r/The_Donald,2020-05-02,15721,3311,137.06761656383182,76,4.748112352763515,1,66
/r/The_Donald,2020-05-03,15581,3242,142.6273666645273,83,4.805983960518199,1,67
/r/The_Donald,2020-05-04,17111,3549,138.82023259891298,82,4.821358129050437,1,68
/r/The_Donald,2020-05-05,17103,3593,141.47862948020816,80,4.760089062065127,1,69
/r/The_Donald,2020-05-06,17292,3607,126.50358547305112,62,4.794011644025506,1,70
/r/The_Donald,2020-05-07,18280,3717,132.4906455142232,74,4.917944578961528,1,71
/r/The_Donald,2020-05-08,18247,3647,130.98838165177838,90,5.00329037565122,1,72
/r/The_Donald,2020-05-09,14953,3168,139.01631779576005,69,4.720012626262626,1,73
/r/The_Donald,2020-05-10,14794,3185,133.50561038258755,98,4.644897959183673,1,74
/r/The_Donald,2020-05-11,17800,3651,130.3014606741573,115,4.875376609148178,1,75
/r/The_Donald,2020-05-12,19719,3818,137.1141538617577,84,5.164745940282871,1,76
/r/The_Donald,2020-05-13,20618,4050,134.22009894267146,103,5.090864197530864,1,77
/r/The_Donald,2020-05-14,20587,4071,136.1297420702385,106,5.056988454925079,1,78
/r/The_Donald,2020-05-15,19806,3973,126.35464000807836,104,4.985149760885981,1,79
/r/The_Donald,2020-05-16,16164,3510,131.3061123484286,81,4.605128205128205,1,80
/r/The_Donald,2020-05-17,15690,3466,130.09451880178457,79,4.526832083092902,1,81
/r/The_Donald,2020-05-18,18542,3805,135.92244633804336,79,4.873061760840999,1,82
/r/The_Donald,2020-05-19,20237,3870,129.699461382616,68,5.229198966408268,1,83
/r/The_Donald,2020-05-20,19029,3846,126.50980083031163,104,4.9477379095163805,1,84
/r/The_Donald,2020-05-21,19388,3796,136.84129358366,67,5.107481559536354,1,85
/r/The_Donald,2020-05-22,19820,3906,129.67921291624623,94,5.074244751664106,1,86
/r/The_Donald,2020-05-23,16998,3310,122.32468525708907,71,5.135347432024169,1,87
/r/The_Donald,2020-05-24,14896,3280,133.80350429645543,74,4.541463414634146,1,88
/r/The_Donald,2020-05-25,14533,3235,146.47794674189774,67,4.492426584234931,1,89
/r/The_Donald,2020-05-26,16077,3364,144.65142750513155,59,4.779131985731272,1,90
/r/The_Donald,2020-05-27,18065,3720,132.1962358151121,86,4.856182795698925,1,91
/r/The_Donald,2020-05-28,21345,3948,138.5486530803467,93,5.406534954407295,1,92
/r/The_Donald,2020-05-29,26314,4774,135.10184692559093,183,5.511939673229996,1,93
/r/The_Donald,2020-05-30,26029,4180,125.62968227745975,124,6.227033492822967,1,94
/r/The_Donald,2020-05-31,28784,4443,125.45483602001111,167,6.478505514292145,1,95
/r/The_Donald,2020-06-01,33168,5053,129.77152677279307,180,6.56402137344152,1,96
/r/The_Donald,2020-06-02,36706,5543,132.61123522039995,233,6.6220458235612485,1,97
/r/The_Donald,2020-06-03,38148,5756,131.2909195763867,230,6.627519110493398,1,98
/r/The_Donald,2020-06-04,34802,5537,141.02287224872134,218,6.285353079284811,1,99
/r/The_Donald,2020-06-05,35037,5535,129.49904386791107,197,6.330081300813008,1,100
/r/The_Donald,2020-06-06,29704,5140,134.26208591435497,231,5.778988326848249,1,101
/r/The_Donald,2020-06-07,28488,5042,139.71847795563045,221,5.650138833796112,1,102
/r/The_Donald,2020-06-08,28988,5296,136.88529736442666,171,5.47356495468278,1,103
/r/The_Donald,2020-06-09,28220,5328,133.567434443657,141,5.296546546546547,1,104
/r/The_Donald,2020-06-10,31953,5502,131.96886051387975,147,5.80752453653217,1,105
/r/The_Donald,2020-06-11,30507,5405,135.25122103123874,166,5.644218316373728,1,106
/r/The_Donald,2020-06-12,29670,5302,141.02190765082574,142,5.596001508864579,1,107
/r/The_Donald,2020-06-13,24594,4520,132.36305602992599,112,5.441150442477876,1,108
/r/The_Donald,2020-06-14,24930,4634,141.33136782992378,108,5.379801467414761,1,109
/r/The_Donald,2020-06-15,25271,4828,146.65019191959163,117,5.234258492129246,1,110
/r/The_Donald,2020-06-16,29473,5126,146.51046720727444,99,5.749707374170893,1,111
/r/The_Donald,2020-06-17,29959,5288,144.12727394105278,103,5.665468986384266,1,112
/r/The_Donald,2020-06-18,31135,5409,137.89513409346395,135,5.756147162137179,1,113
/r/The_Donald,2020-06-19,30428,5353,135.19176416458524,130,5.684289183635345,1,114
/r/The_Donald,2020-06-20,25577,4871,129.3691988896274,113,5.250872510778074,1,115
/r/The_Donald,2020-06-21,27434,5521,136.11901290369613,572,4.969027350117733,1,116
/r/The_Donald,2020-06-22,28059,5381,146.02234577141024,194,5.214458279130273,1,117
/r/The_Donald,2020-06-23,31639,5705,131.88902936249565,177,5.545836985100789,1,118
gendercritical,2020-03-02,1540,553,285.89285714285717,70,2.7848101265822787,0,-119
gendercritical,2020-03-03,1409,543,315.33002129169626,62,2.5948434622467773,0,-118
gendercritical,2020-03-04,1307,481,312.017597551645,37,2.7172557172557172,0,-117
gendercritical,2020-03-05,1830,560,332.38907103825136,57,3.267857142857143,0,-116
gendercritical,2020-03-06,1606,518,340.247198007472,58,3.1003861003861,0,-115
gendercritical,2020-03-07,1052,452,324.6720532319392,59,2.327433628318584,0,-114
gendercritical,2020-03-08,1451,516,278.97794624396965,76,2.812015503875969,0,-113
gendercritical,2020-03-09,1467,543,281.9522835719155,69,2.701657458563536,0,-112
gendercritical,2020-03-10,1244,487,329.2363344051447,73,2.5544147843942504,0,-111
gendercritical,2020-03-11,1528,547,293.39725130890054,63,2.793418647166362,0,-110
gendercritical,2020-03-12,1046,468,298.84225621414913,45,2.235042735042735,0,-109
gendercritical,2020-03-13,957,391,395.55172413793105,48,2.4475703324808182,0,-108
gendercritical,2020-03-14,966,378,346.0527950310559,46,2.5555555555555554,0,-107
gendercritical,2020-03-15,1238,491,350.2641357027464,54,2.521384928716904,0,-106
gendercritical,2020-03-16,792,375,355.0063131313131,45,2.112,0,-105
gendercritical,2020-03-17,858,337,304.0699300699301,47,2.5459940652818993,0,-104
gendercritical,2020-03-18,730,336,253.95068493150686,43,2.1726190476190474,0,-103
gendercritical,2020-03-19,835,367,341.77964071856286,45,2.2752043596730247,0,-102
gendercritical,2020-03-20,821,388,272.0572472594397,47,2.115979381443299,0,-101
gendercritical,2020-03-21,1052,419,297.75665399239546,74,2.5107398568019095,0,-100
gendercritical,2020-03-22,1091,456,279.74152153987166,80,2.392543859649123,0,-99
gendercritical,2020-03-23,858,361,266.07342657342656,46,2.376731301939058,0,-98
gendercritical,2020-03-24,923,402,302.3629469122427,51,2.2960199004975124,0,-97
gendercritical,2020-03-25,854,366,285.2576112412178,53,2.3333333333333335,0,-96
gendercritical,2020-03-26,901,419,297.7524972253052,64,2.1503579952267304,0,-95
gendercritical,2020-03-27,1343,494,325.6358897989576,93,2.7186234817813766,0,-94
gendercritical,2020-03-28,1087,454,313.4995400183993,67,2.394273127753304,0,-93
gendercritical,2020-03-29,920,416,282.69673913043476,67,2.2115384615384617,0,-92
gendercritical,2020-03-30,1343,520,339.3000744601638,101,2.582692307692308,0,-91
gendercritical,2020-03-31,1103,486,257.0199456029012,71,2.269547325102881,0,-90
gendercritical,2020-04-01,1009,409,346.10505450941525,49,2.466992665036675,0,-89
gendercritical,2020-04-02,1093,489,311.66148215919486,72,2.235173824130879,0,-88
gendercritical,2020-04-03,1039,451,295.6294513955727,61,2.303769401330377,0,-87
gendercritical,2020-04-04,932,439,291.5225321888412,67,2.123006833712984,0,-86
gendercritical,2020-04-05,953,396,281.5613850996852,45,2.4065656565656566,0,-85
gendercritical,2020-04-06,1373,548,301.8623452294246,94,2.5054744525547443,0,-84
gendercritical,2020-04-07,1406,610,305.6671408250356,130,2.3049180327868855,0,-83
gendercritical,2020-04-08,1451,614,288.68573397656786,145,2.3631921824104234,0,-82
gendercritical,2020-04-09,1345,556,332.39628252788106,118,2.4190647482014387,0,-81
gendercritical,2020-04-10,1463,545,311.4155844155844,81,2.684403669724771,0,-80
gendercritical,2020-04-11,1267,443,288.52328334648774,61,2.860045146726862,0,-79
gendercritical,2020-04-12,982,425,358.4725050916497,67,2.3105882352941176,0,-78
gendercritical,2020-04-13,1014,457,364.94773175542406,103,2.2188183807439823,0,-77
gendercritical,2020-04-14,943,395,371.52916224814425,57,2.3873417721518986,0,-76
gendercritical,2020-04-15,1365,471,372.7106227106227,61,2.8980891719745223,0,-75
gendercritical,2020-04-16,1108,462,330.96389891696754,68,2.398268398268398,0,-74
gendercritical,2020-04-17,1237,503,349.0565885206144,84,2.459244532803181,0,-73
gendercritical,2020-04-18,1182,477,340.0761421319797,63,2.4779874213836477,0,-72
gendercritical,2020-04-19,1274,538,340.93014128728413,96,2.3680297397769516,0,-71
gendercritical,2020-04-20,1483,517,332.024275118004,94,2.8684719535783367,0,-70
gendercritical,2020-04-21,1463,523,331.3308270676692,126,2.797323135755258,0,-69
gendercritical,2020-04-22,1276,485,356.7562695924765,85,2.6309278350515464,0,-68
gendercritical,2020-04-23,1228,501,363.4185667752443,66,2.4510978043912175,0,-67
gendercritical,2020-04-24,983,394,379.46286876907425,48,2.49492385786802,0,-66
gendercritical,2020-04-25,1162,458,303.71084337349396,67,2.537117903930131,0,-65
gendercritical,2020-04-26,1112,419,321.5890287769784,62,2.6539379474940334,0,-64
gendercritical,2020-04-27,1101,459,347.12715712988194,78,2.3986928104575163,0,-63
gendercritical,2020-04-28,1199,473,346.6346955796497,56,2.5348837209302326,0,-62
gendercritical,2020-04-29,1437,579,336.1503131524008,93,2.481865284974093,0,-61
gendercritical,2020-04-30,1465,550,368.2348122866894,76,2.6636363636363636,0,-60
gendercritical,2020-05-01,906,395,358.32781456953643,62,2.293670886075949,0,-59
gendercritical,2020-05-02,1073,456,344.0810810810811,72,2.3530701754385963,0,-58
gendercritical,2020-05-03,1376,509,374.96656976744185,82,2.7033398821218073,0,-57
gendercritical,2020-05-04,1403,518,305.9094796863863,85,2.7084942084942085,0,-56
gendercritical,2020-05-05,1613,542,329.2678239305642,73,2.9760147601476015,0,-55
gendercritical,2020-05-06,1190,437,370.8983193277311,68,2.723112128146453,0,-54
gendercritical,2020-05-07,1243,488,343.17296862429606,61,2.5471311475409837,0,-53
gendercritical,2020-05-08,1036,459,360.9131274131274,66,2.2570806100217866,0,-52
gendercritical,2020-05-09,1108,471,371.89350180505414,58,2.3524416135881103,0,-51
gendercritical,2020-05-10,1307,520,317.176740627391,71,2.5134615384615384,0,-50
gendercritical,2020-05-11,1350,498,315.39407407407407,60,2.710843373493976,0,-49
gendercritical,2020-05-12,1311,503,340.651411136537,82,2.606361829025845,0,-48
gendercritical,2020-05-13,1038,430,316.2456647398844,80,2.4139534883720932,0,-47
gendercritical,2020-05-14,1143,465,318.419072615923,64,2.458064516129032,0,-46
gendercritical,2020-05-15,1228,478,350.9804560260586,62,2.569037656903766,0,-45
gendercritical,2020-05-16,1151,466,343.54821894005215,66,2.4699570815450644,0,-44
gendercritical,2020-05-17,1245,465,321.6602409638554,69,2.6774193548387095,0,-43
gendercritical,2020-05-18,1099,465,313.2156505914468,66,2.3634408602150536,0,-42
gendercritical,2020-05-19,1165,472,289.56995708154506,70,2.468220338983051,0,-41
gendercritical,2020-05-20,1040,430,319.475,51,2.4186046511627906,0,-40
gendercritical,2020-05-21,1077,429,325.7149489322191,57,2.5104895104895104,0,-39
gendercritical,2020-05-22,1337,488,349.44801795063574,57,2.7397540983606556,0,-38
gendercritical,2020-05-23,1250,446,328.116,74,2.802690582959641,0,-37
gendercritical,2020-05-24,1154,430,337.3457538994801,67,2.683720930232558,0,-36
gendercritical,2020-05-25,1020,420,272.0107843137255,77,2.4285714285714284,0,-35
gendercritical,2020-05-26,1142,454,359.36252189141857,66,2.515418502202643,0,-34
gendercritical,2020-05-27,1189,469,325.07821698906645,76,2.535181236673774,0,-33
gendercritical,2020-05-28,1045,418,380.8267942583732,63,2.5,0,-32
gendercritical,2020-05-29,923,392,309.8970747562297,39,2.354591836734694,0,-31
gendercritical,2020-05-30,919,377,357.0957562568009,47,2.4376657824933687,0,-30
gendercritical,2020-05-31,1097,388,342.8313582497721,40,2.827319587628866,0,-29
gendercritical,2020-06-01,992,393,332.9304435483871,46,2.524173027989822,0,-28
gendercritical,2020-06-02,761,350,334.53088042049933,41,2.1742857142857144,0,-27
gendercritical,2020-06-03,878,371,303.89179954441914,54,2.3665768194070083,0,-26
gendercritical,2020-06-04,944,368,332.2775423728813,57,2.5652173913043477,0,-25
gendercritical,2020-06-05,793,353,338.9155107187894,52,2.2464589235127477,0,-24
gendercritical,2020-06-06,882,383,309.468253968254,47,2.3028720626631856,0,-23
gendercritical,2020-06-07,1962,723,296.28236493374106,142,2.7136929460580914,0,-22
gendercritical,2020-06-08,2017,726,307.2012890431334,134,2.778236914600551,0,-21
gendercritical,2020-06-09,2303,791,345.45115067303516,113,2.911504424778761,0,-20
gendercritical,2020-06-10,2418,825,324.85483870967744,147,2.930909090909091,0,-19
gendercritical,2020-06-11,3160,937,315.1746835443038,160,3.3724653148345785,0,-18
gendercritical,2020-06-12,2626,839,331.65651180502664,130,3.129916567342074,0,-17
gendercritical,2020-06-13,2379,800,338.24464060529635,135,2.97375,0,-16
gendercritical,2020-06-14,2599,828,353.41054251635245,122,3.138888888888889,0,-15
gendercritical,2020-06-15,2604,837,359.9016897081413,140,3.111111111111111,0,-14
gendercritical,2020-06-16,2298,790,342.86118363794606,95,2.908860759493671,0,-13
gendercritical,2020-06-17,2052,772,348.37231968810914,117,2.6580310880829017,0,-12
gendercritical,2020-06-18,2033,710,337.8637481554353,91,2.863380281690141,0,-11
gendercritical,2020-06-19,2017,643,338.90728805156175,89,3.136858475894246,0,-10
gendercritical,2020-06-20,1797,682,342.30495269894266,99,2.634897360703812,0,-9
gendercritical,2020-06-21,1669,609,327.4038346315159,72,2.7405582922824303,0,-8
gendercritical,2020-06-22,1789,662,344.109558412521,73,2.702416918429003,0,-7
gendercritical,2020-06-23,1598,663,326.66207759699626,94,2.41025641025641,0,-6
gendercritical,2020-06-24,2222,746,323.44779477947793,94,2.9785522788203753,0,-5
gendercritical,2020-06-25,1736,648,285.2903225806452,79,2.6790123456790123,0,-4
gendercritical,2020-06-26,2020,706,333.9727722772277,80,2.861189801699717,0,-3
gendercritical,2020-06-27,1777,646,338.9617332583005,79,2.7507739938080493,0,-2
gendercritical,2020-06-28,2191,735,291.4664536741214,94,2.980952380952381,0,-1
gendercritical,2020-06-29,1272,525,318.8592767295597,77,2.422857142857143,1,0
gendercritical,2020-07-23,29,7,478.55172413793105,4,4.142857142857143,1,24
gendercritical,2020-07-24,86,12,361.5232558139535,4,7.166666666666667,1,25
gendercritical,2020-07-25,141,37,148.2127659574468,22,3.810810810810811,1,26
gendercritical,2020-07-26,104,33,198.5,11,3.1515151515151514,1,27
gendercritical,2020-07-27,86,36,165.27906976744185,14,2.388888888888889,1,28
gendercritical,2020-07-28,63,25,164.47619047619048,9,2.52,1,29
gendercritical,2020-07-29,309,107,231.94498381877023,59,2.8878504672897196,1,30
gendercritical,2020-07-30,626,222,258.297124600639,115,2.81981981981982,1,31
gendercritical,2020-07-31,582,178,655.7096219931271,63,3.269662921348315,1,32
gendercritical,2020-08-01,513,157,259.7992202729045,36,3.267515923566879,1,33
gendercritical,2020-08-02,602,162,200.9700996677741,34,3.7160493827160495,1,34
gendercritical,2020-08-03,684,189,300.1140350877193,50,3.619047619047619,1,35
gendercritical,2020-08-04,597,182,305.8793969849246,28,3.28021978021978,1,36
gendercritical,2020-08-05,542,154,355.55350553505536,23,3.5194805194805197,1,37
gendercritical,2020-08-06,588,158,217.08163265306123,23,3.721518987341772,1,38
gendercritical,2020-08-07,706,189,225.24929178470256,30,3.7354497354497354,1,39
gendercritical,2020-08-08,530,157,326.7132075471698,23,3.375796178343949,1,40
gendercritical,2020-08-09,435,147,309.5793103448276,21,2.9591836734693877,1,41
gendercritical,2020-08-10,488,158,282.422131147541,16,3.088607594936709,1,42
gendercritical,2020-08-11,623,168,252.14446227929375,18,3.7083333333333335,1,43
gendercritical,2020-08-12,578,153,265.38927335640136,13,3.7777777777777777,1,44
gendercritical,2020-08-13,523,155,304.2619502868069,17,3.3741935483870966,1,45
gendercritical,2020-08-14,543,155,325.68508287292815,15,3.503225806451613,1,46
gendercritical,2020-08-15,414,130,267.34299516908214,10,3.1846153846153844,1,47
gendercritical,2020-08-16,390,119,256.13589743589745,9,3.277310924369748,1,48
gendercritical,2020-08-17,624,171,312.35737179487177,16,3.6491228070175437,1,49
gendercritical,2020-08-18,907,198,260.49503858875414,17,4.58080808080808,1,50
gendercritical,2020-08-19,790,216,255.0493670886076,27,3.6574074074074074,1,51
gendercritical,2020-08-20,864,201,303.40625,18,4.298507462686567,1,52
gendercritical,2020-08-21,891,221,292.07182940516276,24,4.031674208144796,1,53
gendercritical,2020-08-22,682,193,326.8782991202346,15,3.533678756476684,1,54
gendercritical,2020-08-23,686,197,340.29883381924196,11,3.482233502538071,1,55
gendercritical,2020-08-24,705,173,278.4297872340426,11,4.07514450867052,1,56
gendercritical,2020-08-25,846,202,316.76477541371156,8,4.188118811881188,1,57
gendercritical,2020-08-26,791,200,345.3590391908976,17,3.955,1,58
gendercritical,2020-08-27,889,192,294.63442069741285,12,4.630208333333333,1,59
gendercritical,2020-08-28,855,216,303.4479532163743,17,3.9583333333333335,1,60
gendercritical,2020-08-29,785,194,285.856050955414,12,4.046391752577319,1,61
gendercritical,2020-08-30,729,203,304.6323731138546,12,3.5911330049261085,1,62
gendercritical,2020-08-31,886,222,327.83408577878106,19,3.990990990990991,1,63
gendercritical,2020-09-01,822,210,283.22019464720194,8,3.914285714285714,1,64
gendercritical,2020-09-02,660,179,342.2818181818182,6,3.6871508379888267,1,65
gendercritical,2020-09-03,707,186,254.18387553041018,12,3.8010752688172045,1,66
gendercritical,2020-09-04,930,210,317.59354838709675,9,4.428571428571429,1,67
gendercritical,2020-09-05,643,189,303.447900466563,7,3.4021164021164023,1,68
gendercritical,2020-09-06,512,167,249.513671875,11,3.065868263473054,1,69
gendercritical,2020-09-07,619,190,284.18093699515344,10,3.2578947368421054,1,70
gendercritical,2020-09-08,865,219,310.2635838150289,7,3.949771689497717,1,71
gendercritical,2020-09-09,794,225,352.59697732997483,8,3.528888888888889,1,72
gendercritical,2020-09-10,747,204,396.0053547523427,9,3.661764705882353,1,73
gendercritical,2020-09-11,761,221,311.81340341655715,14,3.4434389140271495,1,74
gendercritical,2020-09-12,622,196,224.02250803858522,5,3.173469387755102,1,75
gendercritical,2020-09-13,737,190,275.55223880597015,7,3.8789473684210525,1,76
gendercritical,2020-09-14,659,204,280.40060698027315,5,3.230392156862745,1,77
gendercritical,2020-09-15,882,230,261.55895691609976,18,3.8347826086956522,1,78
gendercritical,2020-09-16,705,207,326.92198581560285,10,3.4057971014492754,1,79
gendercritical,2020-09-17,781,222,290.1920614596671,12,3.518018018018018,1,80
gendercritical,2020-09-18,667,198,270.3673163418291,8,3.3686868686868685,1,81
gendercritical,2020-09-19,675,206,241.20888888888888,11,3.2766990291262137,1,82
gendercritical,2020-09-20,724,209,335.6229281767956,10,3.464114832535885,1,83
gendercritical,2020-09-21,814,207,315.2714987714988,7,3.9323671497584543,1,84
gendercritical,2020-09-22,722,201,296.69390581717454,5,3.5920398009950247,1,85
gendercritical,2020-09-23,915,219,296.9672131147541,6,4.178082191780822,1,86
gendercritical,2020-09-24,780,206,382.8448717948718,13,3.7864077669902914,1,87
gendercritical,2020-09-25,741,212,310.64237516869093,8,3.4952830188679247,1,88
gendercritical,2020-09-26,915,217,317.6612021857924,9,4.216589861751152,1,89
gendercritical,2020-09-27,1032,258,327.4253875968992,15,4.0,1,90
gendercritical,2020-09-28,963,237,260.40706126687434,10,4.063291139240507,1,91
gendercritical,2020-09-29,960,234,317.1958333333333,11,4.102564102564102,1,92
gendercritical,2020-09-30,951,250,320.7465825446898,12,3.804,1,93
gendercritical,2020-10-01,1140,262,286.8061403508772,16,4.351145038167939,1,94
gendercritical,2020-10-02,1085,248,293.70506912442397,6,4.375,1,95
gendercritical,2020-10-03,851,223,308.7673325499413,6,3.8161434977578477,1,96
gendercritical,2020-10-04,538,179,325.3252788104089,6,3.005586592178771,1,97
gendercritical,2020-10-05,857,216,322.50991831971993,5,3.9675925925925926,1,98
gendercritical,2020-10-06,913,241,287.0230010952902,8,3.788381742738589,1,99
gendercritical,2020-10-07,876,224,356.49771689497715,5,3.9107142857142856,1,100
gendercritical,2020-10-08,767,201,351.23728813559325,2,3.81592039800995,1,101
gendercritical,2020-10-09,870,222,332.14827586206894,5,3.918918918918919,1,102
gendercritical,2020-10-10,676,189,296.0784023668639,4,3.5767195767195767,1,103
gendercritical,2020-10-11,704,202,231.22585227272728,5,3.485148514851485,1,104
gendercritical,2020-10-12,967,235,310.3950361944157,10,4.114893617021276,1,105
gendercritical,2020-10-13,849,213,276.6454652532391,3,3.9859154929577465,1,106
gendercritical,2020-10-14,863,224,314.89687137891076,7,3.8526785714285716,1,107
gendercritical,2020-10-15,887,229,339.26719278466743,3,3.873362445414847,1,108
gendercritical,2020-10-16,853,223,278.92497069167644,10,3.8251121076233185,1,109
gendercritical,2020-10-17,806,206,264.4317617866005,9,3.912621359223301,1,110
gendercritical,2020-10-18,515,167,315.20388349514565,2,3.0838323353293413,1,111
gendercritical,2020-10-19,824,203,267.1601941747573,7,4.059113300492611,1,112
gendercritical,2020-10-20,924,222,302.1363636363636,10,4.162162162162162,1,113
gendercritical,2020-10-21,760,205,266.68815789473683,7,3.707317073170732,1,114
gendercritical,2020-10-22,980,236,257.51326530612243,8,4.1525423728813555,1,115
gendercritical,2020-10-23,875,247,273.39542857142857,13,3.54251012145749,1,116
gendercritical,2020-10-24,829,209,275.3522316043426,6,3.9665071770334928,1,117
gendercritical,2020-10-25,678,195,247.64454277286137,6,3.476923076923077,1,118
