num_posts_x,SEVERE_TOXICITY80p_x,fixation_dict_incels_x,fixation_dict_td_x,fixation_dict_gc_x,NegativeEmotion_x,CoreHostility_x,We_x,They_x,length_x,count_repeated_x,num_posts_y,SEVERE_TOXICITY80p_y,fixation_dict_incels_y,fixation_dict_td_y,fixation_dict_gc_y,NegativeEmotion_y,CoreHostility_y,We_y,They_y,length_y,count_repeated_y,ptile
2,0.0,0.0,0.0,0.0,1.0309278350515463,1.0309278350515463,0.0,0.0,324.5,97,2,50.0,0.0,0.0,0.0,6.153846153846154,10.76923076923077,0.0,0.0,167.0,65,1
259,0.0,0.0,0.0,0.4494730316181029,2.1543707377557344,2.1543707377557344,0.49597024178549287,1.4879107253564787,100.0,6452,160,0.0,0.0,0.0,0.8933129147524248,2.22052067381317,2.3736600306278715,0.587034201123022,1.4293006636038794,93.5,3918,4
20,0.0,0.0,0.0,2.0876826722338206,0.8350730688935281,2.9227557411273484,0.6263048016701461,2.5052192066805845,59.0,479,2,0.0,0.0,0.0,0.0,0.0,0.0,0.0,0.0,26.5,9,3
1,0.0,0.0,0.0,0.0,0.0,0.0,0.0,0.0,9.0,2,1,0.0,0.0,0.0,0.0,6.25,6.25,0.0,0.0,99.0,16,1
2,0.0,0.0,0.0,0.0,0.7575757575757576,3.0303030303030303,0.0,0.0,368.0,132,3,0.0,0.0,0.0,0.0,0.0,0.0,0.0,0.0,218.0,105,1
56,3.571428571428571,0.0,0.0,0.2936857562408223,1.6152716593245229,2.7900146842878124,0.4405286343612335,1.2481644640234948,104.5,1362,40,2.5,0.0,0.0,0.15052684395383845,1.8564977420973405,2.7094831911690918,0.6522829904666332,1.3547415955845459,135.5,1993,3
3,0.0,0.0,0.0,0.0,3.3707865168539324,2.247191011235955,0.0,2.247191011235955,142.0,89,1,0.0,0.0,0.0,2.7027027027027026,0.0,0.0,0.0,0.0,204.0,37,1
40,0.0,0.0,0.0,0.4248088360237893,2.1665250637213256,2.7187765505522514,1.4443500424808835,2.336448598130841,256.0,2354,2,0.0,0.0,0.0,0.0,1.7241379310344827,0.0,1.7241379310344827,0.0,306.5,116,3
1,0.0,0.0,0.0,0.0,16.666666666666664,66.66666666666666,0.0,0.0,28.0,6,15,0.0,0.0,0.0,1.6528925619834711,2.203856749311295,2.203856749311295,0.27548209366391185,1.3774104683195594,55.0,363,1
28,21.428571428571427,0.0,0.0,1.024473534433694,2.6180990324416618,4.951622083096187,1.0813887307911212,3.4718269778030733,201.5,1757,2,0.0,0.0,0.0,0.0,0.0,2.857142857142857,0.0,0.0,180.5,70,3
18,0.0,0.0,0.0,0.17543859649122806,2.631578947368421,1.2280701754385965,1.9298245614035088,2.807017543859649,135.5,570,4,0.0,0.0,0.0,0.1718213058419244,1.718213058419244,3.608247422680412,0.5154639175257731,0.1718213058419244,646.0,582,3
287,0.34843205574912894,0.0,0.0,0.2120890774125133,1.6569459172852599,2.1474019088016965,0.7423117709437964,2.04135737009544,95.0,7544,199,0.0,0.0,0.0,0.3000230786983614,1.4539579967689822,2.3078698361412417,0.5538887606738979,2.3771059312254788,70.0,4333,4
22,0.0,0.0,0.0,1.0752688172043012,2.1505376344086025,2.6468155500413566,1.488833746898263,1.5715467328370554,292.5,1209,1,0.0,0.0,0.0,0.0,0.0,0.0,0.0,0.0,153.0,30,3
57,0.0,0.0,0.0,0.48864616269042827,1.7821212992239148,2.4719747053751076,0.9485484334578902,1.1497556769186548,300.0,3479,2,0.0,0.0,0.0,0.0,1.7085427135678393,1.105527638190955,0.0,0.4020100502512563,3057.5,995,3
17,0.0,0.0,0.0,1.0752688172043012,2.0161290322580645,2.3521505376344085,0.739247311827957,1.9489247311827957,200.0,1488,4,0.0,0.0,0.0,1.1627906976744187,1.1627906976744187,1.1627906976744187,1.1627906976744187,0.0,168.0,172,2
49,2.0408163265306123,0.0,0.0,0.26286143447239957,2.985354862936538,4.769057453999249,0.3379647014645137,2.647390161472024,413.0,5326,133,6.7669172932330826,0.0,0.0,0.776683481463688,3.146769156858035,4.4439106413644005,0.6085355112498999,2.2339658899831853,406.0,12489,3
190,0.0,0.0,0.0,0.40312421264802223,1.9198790627362055,1.7737465356512976,0.5039052658100277,1.5923406399596878,415.0,19845,17,0.0,0.0,0.0,0.9404388714733543,1.3322884012539185,2.272727272727273,0.8620689655172413,1.2539184952978055,171.0,1276,4
74,1.3513513513513513,0.0,0.0,0.4534005037783375,2.0990764063811924,1.8303946263643998,0.9907640638119228,1.343408900083963,401.0,5955,24,0.0,0.0,0.0,0.1864801864801865,1.8648018648018647,1.6783216783216783,0.2331002331002331,1.5384615384615385,374.5,2145,4
11,0.0,0.0,0.0,0.0,1.729106628242075,1.1527377521613833,2.5936599423631126,1.440922190201729,167.0,347,24,0.0,0.0,0.0,0.13863856924996534,2.717315957299321,3.1886870927492024,0.4990988492998752,1.0813808401497296,296.0,7213,2
20,0.0,0.0,0.0,1.3245033112582782,0.7568590350047304,0.6622516556291391,0.3784295175023652,1.5137180700094608,230.5,1057,86,0.0,0.0,0.0,1.3728963684676705,1.771479185119575,2.701505757307352,0.39858281665190437,1.3728963684676705,106.0,2258,3
12,0.0,0.0,0.0,0.24691358024691357,1.4814814814814816,1.2345679012345678,0.0,2.2222222222222223,139.0,405,2,0.0,0.0,0.0,4.761904761904762,0.0,0.0,0.0,0.0,116.5,42,2
7,0.0,0.0,0.0,0.0,0.8928571428571428,1.7857142857142856,0.4464285714285714,1.3392857142857142,127.0,224,11,0.0,0.0,0.0,0.8968609865470852,0.672645739910314,1.1210762331838564,0.4484304932735426,1.345291479820628,125.0,446,2
9,0.0,0.0,0.0,1.5873015873015872,2.7777777777777777,3.1746031746031744,0.0,1.5873015873015872,90.0,252,12,0.0,0.0,0.0,0.6060606060606061,1.0606060606060608,3.6363636363636362,0.7575757575757576,1.2121212121212122,162.5,660,2
45,0.0,0.0,0.0,1.0645848119233499,2.0227111426543645,3.300212916962385,0.674237047551455,1.596877217885025,316.0,2818,12,0.0,0.0,0.0,0.4830917874396135,2.536231884057971,2.2946859903381642,1.2077294685990339,1.932367149758454,305.5,828,3
202,0.9900990099009901,0.0,0.0,0.9424515520998998,1.9968192260116628,2.3207869470460034,0.583141897861813,2.7507804676915826,373.0,16977,21,0.0,0.0,0.0,0.4908835904628331,2.1037868162692845,2.3842917251051894,1.332398316970547,1.262272089761571,380.0,1426,4
8,0.0,0.0,0.0,0.38022813688212925,1.9011406844106464,1.1406844106463878,0.0,0.7604562737642585,142.0,263,13,0.0,0.0,0.0,0.5617977528089888,1.8726591760299627,1.1235955056179776,0.5617977528089888,0.18726591760299627,123.0,534,2
4,0.0,0.0,0.0,0.0,0.0,1.4925373134328357,1.4925373134328357,0.0,75.0,67,22,0.0,0.0,0.0,0.0,0.5357142857142857,0.8928571428571428,0.35714285714285715,1.4285714285714286,108.0,560,1
137,2.9197080291970803,0.0,0.0,0.6630925507900678,2.3184725357411584,2.784048156508653,0.6160647103085026,2.008088788562829,494.0,21264,217,4.147465437788019,0.0,0.0,0.6836902800658979,2.2116968698517296,3.224876441515651,0.7990115321252058,2.1787479406919275,410.0,24280,4
192,0.0,0.0,0.0,0.5426181324892607,2.600045218177707,2.3739543296405157,0.7008817544652951,2.3965634184942344,102.5,4423,2,0.0,0.0,0.0,0.0,9.615384615384617,7.6923076923076925,0.0,13.461538461538462,147.0,52,4
130,0.0,0.0,0.0,0.8231173380035026,1.9439579684763575,3.1523642732049035,0.5604203152364273,2.224168126094571,207.5,5710,6,0.0,0.0,0.0,0.9389671361502347,2.3474178403755865,2.3474178403755865,2.3474178403755865,4.694835680751173,119.5,213,4
4,0.0,0.0,0.0,0.0,4.132231404958678,2.479338842975207,0.8264462809917356,0.8264462809917356,74.0,121,2,0.0,0.0,0.0,0.0,3.3333333333333335,3.3333333333333335,0.0,6.666666666666667,84.0,30,1
65,7.6923076923076925,0.0,0.0,0.5205622071837585,2.993232691306611,4.919312857886517,1.0931806350858928,2.8110359187922955,291.0,3842,49,0.0,0.0,0.0,1.0071090047393365,1.925355450236967,2.5177725118483414,1.066350710900474,1.8364928909952605,289.0,3376,4
191,0.0,0.0,0.0,0.45040904494898426,1.507491497380274,2.0038606489567057,1.3971872414744002,1.4707234120783161,237.0,10879,34,0.0,0.0,0.0,0.6937561942517344,1.7839444995044598,1.4866204162537164,0.8919722497522299,0.9415262636273538,245.5,2018,4
21,0.0,0.0,0.0,0.6627393225331369,1.399116347569956,2.503681885125184,0.7363770250368188,1.3254786450662739,252.0,1358,2,0.0,0.0,0.0,0.9090909090909091,0.9090909090909091,1.8181818181818181,0.0,0.9090909090909091,312.0,110,3
8,0.0,0.0,0.0,1.2953367875647668,0.7772020725388601,2.5906735751295336,0.7772020725388601,1.5544041450777202,303.5,386,2,0.0,0.0,0.0,0.0,0.6666666666666667,2.666666666666667,1.3333333333333335,1.3333333333333335,414.5,150,2
1,0.0,0.0,0.0,1.282051282051282,0.0,0.0,0.0,0.0,434.0,78,1,0.0,0.0,0.0,0.0,2.564102564102564,5.128205128205128,0.0,0.0,214.0,39,1
1,0.0,0.0,0.0,5.263157894736842,5.263157894736842,5.263157894736842,0.0,0.0,135.0,19,2,0.0,0.0,0.0,2.5,2.083333333333333,1.25,0.0,0.4166666666666667,639.5,240,1
2,0.0,0.0,0.0,0.0,0.0,0.0,0.0,1.5384615384615385,260.0,65,8,0.0,0.0,0.0,0.0,5.5045871559633035,7.033639143730887,1.529051987767584,2.4464831804281344,123.5,327,1
1,0.0,0.0,0.0,0.0,0.0,0.0,0.0,0.0,43.0,8,1,0.0,0.0,0.0,0.0,0.0,0.0,0.0,0.0,40.0,5,1
81,0.0,0.0,0.0,0.5194805194805194,2.4025974025974026,2.727272727272727,0.551948051948052,1.1363636363636365,153.0,3080,32,6.25,0.0,0.0,0.7712082262210797,2.570694087403599,3.3419023136246784,0.5141388174807198,1.1568123393316194,101.5,778,4
2,0.0,0.0,0.0,0.0,0.0,1.7857142857142856,0.0,1.7857142857142856,139.5,56,4,0.0,0.0,0.0,0.0,0.0,0.0,0.0,0.0,28.5,30,1
4,0.0,0.0,0.0,0.0,2.904564315352697,0.8298755186721992,1.2448132780082988,1.6597510373443984,388.0,241,41,0.0,0.0,0.0,0.5037783375314862,1.7632241813602016,2.424433249370277,0.5667506297229219,1.070528967254408,379.0,3176,1
15,0.0,0.0,0.0,0.0,3.225806451612903,3.225806451612903,0.8064516129032258,0.0,24.0,124,6,0.0,0.0,0.0,1.7241379310344827,0.0,1.7241379310344827,3.4482758620689653,0.0,35.0,58,2
2,0.0,0.0,0.0,0.0,4.761904761904762,0.0,0.0,0.0,57.0,21,1,0.0,0.0,0.0,0.0,1.3333333333333335,0.0,1.3333333333333335,2.666666666666667,374.0,75,1
9,0.0,0.0,0.0,1.0,0.0,0.0,0.0,0.0,50.0,100,57,0.0,0.0,0.0,0.8321775312066574,1.8030513176144243,2.912621359223301,0.13869625520110956,0.8321775312066574,51.0,721,2
2,0.0,0.0,0.0,0.0,2.272727272727273,0.0,0.0,2.272727272727273,116.0,44,1,0.0,0.0,0.0,3.968253968253968,3.1746031746031744,2.380952380952381,0.0,0.7936507936507936,673.0,126,1
10,0.0,0.0,0.0,2.3346303501945527,2.7237354085603114,0.38910505836575876,0.0,0.0,74.0,257,1,0.0,0.0,0.0,0.0,0.0,0.0,5.555555555555555,0.0,96.0,18,2
20,0.0,0.0,0.0,0.2801120448179272,3.828197945845005,4.014939309056956,1.1204481792717087,1.680672268907563,174.5,1071,1,0.0,0.0,0.0,2.7027027027027026,2.7027027027027026,2.7027027027027026,2.7027027027027026,1.3513513513513513,414.0,74,3
6,0.0,0.0,0.0,0.8264462809917356,2.479338842975207,3.3057851239669422,0.0,3.3057851239669422,102.5,121,1,0.0,0.0,0.0,0.0,0.0,0.0,4.166666666666666,0.0,133.0,24,2
69,13.043478260869565,0.0,0.0,1.8255578093306288,2.6143790849673203,4.620238900157765,0.24791525805724587,1.6677935542032907,169.0,4437,26,3.8461538461538463,0.0,0.0,1.2452107279693485,3.8314176245210727,6.0344827586206895,0.28735632183908044,1.8199233716475096,166.5,1044,4
396,0.5050505050505051,0.0,0.0,0.6486698990957934,1.4939064342812214,1.932905254881405,1.1793998165378063,1.5266675402961605,158.0,15262,4,25.0,0.0,0.0,2.127659574468085,2.127659574468085,7.446808510638298,0.0,1.0638297872340425,133.0,94,4
34,2.941176470588235,0.0,0.0,0.20652622883106153,2.6228831061544815,2.9120198265179678,0.8674101610904585,1.321767864518794,484.5,4842,8,0.0,0.0,0.0,0.44782803403493054,3.179579041648007,2.373488580385132,0.6269592476489028,1.9256605463502015,1289.5,2233,3
38,2.631578947368421,0.0,0.0,0.8114856429463172,1.6229712858926344,3.495630461922597,0.6242197253433208,3.245942571785269,189.5,1602,26,0.0,0.0,0.0,0.6097560975609756,0.9146341463414633,1.9817073170731707,1.0670731707317074,1.9817073170731707,132.5,656,3
7,0.0,0.0,0.0,0.15151515151515152,0.9090909090909091,1.3636363636363635,0.0,0.0,203.0,660,21,0.0,0.0,0.0,2.0114942528735633,2.0114942528735633,3.3045977011494254,0.0,0.8620689655172413,141.0,696,2
22,0.0,0.0,0.0,1.9204389574759946,3.017832647462277,3.017832647462277,0.0,3.4979423868312756,382.0,1458,12,16.666666666666664,0.0,0.0,1.4577259475218658,3.9358600583090384,6.41399416909621,0.0,2.0408163265306123,197.0,686,3
168,0.0,0.0,0.0,1.4858841010401187,1.3868251609707776,2.542512795113092,0.396235760277365,1.9976886247317152,149.0,6057,23,0.0,0.0,0.0,1.215277777777778,1.5625,1.9097222222222223,0.1736111111111111,2.430555555555556,134.0,576,4
318,0.9433962264150944,0.0,0.0,0.49761146496815284,2.363654458598726,2.7468152866242037,0.5473726114649681,2.4980095541401277,181.0,20096,88,1.1363636363636365,0.0,0.0,0.368532955350815,2.2395464209780296,2.4946846208362863,0.7654145995747696,2.012756909992913,356.5,7055,4
9,0.0,0.0,0.0,0.24509803921568626,1.4705882352941175,0.7352941176470588,0.24509803921568626,0.24509803921568626,181.0,408,3,0.0,0.0,0.0,0.6097560975609756,1.2195121951219512,0.6097560975609756,0.0,3.048780487804878,264.0,164,2
4,0.0,0.0,0.0,0.7177033492822966,0.4784688995215311,0.4784688995215311,0.23923444976076555,5.980861244019139,184.5,418,137,0.0,0.0,0.0,1.1283127787982157,1.600629755969562,1.8367882445552346,0.7084754657570191,1.2332721070585149,88.0,3811,1
126,0.0,0.0,0.0,0.3720383786959076,2.095163501076953,2.76091638926963,0.8811435284903074,1.8601918934795378,163.0,5107,1,0.0,0.0,0.0,0.0,0.0,0.0,0.0,7.142857142857142,85.0,14,4
2,0.0,0.0,0.0,0.0,0.0,0.0,5.714285714285714,0.0,101.5,35,3,0.0,0.0,0.0,0.0,0.0,0.0,0.0,0.0,64.0,33,1
38,0.0,0.0,0.0,0.21097046413502107,1.160337552742616,0.8438818565400843,0.42194092827004215,0.7383966244725738,97.5,948,3,0.0,0.0,0.0,3.4013605442176873,0.6802721088435374,0.0,0.0,2.0408163265306123,172.0,147,3
223,2.242152466367713,0.0,0.0,0.6564551422319475,2.8951354990742297,3.7030802895135504,0.9510183470796163,1.7000504965494025,216.0,11882,4,0.0,0.0,0.0,0.3472222222222222,0.6944444444444444,0.6944444444444444,0.3472222222222222,0.3472222222222222,266.5,288,4
19,0.0,0.0,0.0,0.7530120481927711,2.710843373493976,4.969879518072289,0.4518072289156626,2.4096385542168677,154.0,664,354,2.2598870056497176,0.0,0.0,0.4477403106198405,1.651042395410662,2.889324191968658,0.6366307541625857,1.741989646005317,110.0,14294,3
101,2.9702970297029703,0.0,0.0,0.49931911030413073,2.519291874716296,3.404448479346346,0.5447117566954154,2.6327734906945075,185.0,4406,2,0.0,0.0,0.0,0.6382978723404255,1.9148936170212765,0.6382978723404255,0.6382978723404255,3.1914893617021276,1284.5,470,4
47,2.127659574468085,0.0,0.0,0.8755760368663594,1.1520737327188941,5.76036866359447,1.336405529953917,1.2442396313364055,119.0,2170,9,0.0,0.0,0.0,0.0,1.935483870967742,6.451612903225806,0.0,3.870967741935484,66.0,155,3
7,0.0,0.0,0.0,3.076923076923077,1.5384615384615385,1.5384615384615385,0.7692307692307693,1.5384615384615385,95.0,130,13,0.0,0.0,0.0,2.380952380952381,2.7210884353741496,2.7210884353741496,0.0,0.6802721088435374,108.0,294,2
8,0.0,0.0,0.0,1.0510510510510511,2.177177177177177,2.8528528528528527,0.9009009009009009,2.9279279279279278,776.0,1332,2,0.0,0.0,0.0,3.0303030303030303,1.7825311942959003,1.9607843137254901,0.53475935828877,3.5650623885918007,1687.0,561,2
38,0.0,0.0,0.0,0.456968773800457,1.827875095201828,2.1325209444021325,0.5331302361005331,3.1226199543031226,114.0,1313,1,0.0,0.0,0.0,4.761904761904762,0.0,0.0,0.0,0.0,221.0,21,3
1,0.0,0.0,0.0,0.423728813559322,2.5423728813559325,2.9661016949152543,0.847457627118644,1.694915254237288,1475.0,236,9,0.0,0.0,0.0,0.1890359168241966,4.914933837429111,6.238185255198488,1.1342155009451798,2.835538752362949,188.0,529,1
14,0.0,0.0,0.0,0.273972602739726,1.8493150684931507,3.219178082191781,0.3424657534246575,1.8493150684931507,460.5,1460,91,0.0,0.0,0.0,0.5441288497116117,1.762977473065622,2.4485798237022527,0.7508978126020242,2.4376972467080202,421.0,9189,2
26,0.0,0.0,0.0,0.5,1.6,1.5,0.8,1.0999999999999999,113.0,1000,1,0.0,0.0,0.0,0.0,0.0,0.0,0.0,0.0,37.0,5,3
30,0.0,0.0,0.0,1.0540184453227932,1.4492753623188406,1.5810276679841897,0.13175230566534915,1.0540184453227932,83.5,759,15,0.0,0.0,0.0,1.2618296529968454,0.9463722397476341,1.5772870662460567,0.31545741324921134,0.31545741324921134,63.0,317,3
46,2.1739130434782608,0.0,0.0,0.6177076183939602,2.3335621139327385,2.539464653397392,0.20590253946465342,3.0199039121482496,126.5,1457,166,1.8072289156626504,0.0,0.0,0.7532467532467533,2.3116883116883113,2.8051948051948052,0.33766233766233766,1.7402597402597402,75.0,3850,3
39,0.0,0.0,0.0,0.2695417789757413,2.6954177897574128,3.5040431266846364,0.8086253369272237,0.8086253369272237,105.0,1113,129,3.10077519379845,0.0,0.0,0.713063320022818,2.795208214489447,4.221334854535082,1.7683970336565886,2.053622361665716,95.0,3506,3
1,0.0,0.0,0.0,5.263157894736842,2.631578947368421,0.0,5.263157894736842,10.526315789473683,207.0,38,6,0.0,0.0,0.0,0.6756756756756757,1.3513513513513513,1.3513513513513513,1.3513513513513513,2.7027027027027026,57.5,148,1
3,0.0,0.0,0.0,0.5865102639296188,2.0527859237536656,2.6392961876832843,0.0,0.5865102639296188,630.0,341,2,50.0,0.0,0.0,3.4482758620689653,6.896551724137931,13.793103448275861,1.7241379310344827,5.172413793103448,158.0,58,1
147,0.0,0.0,0.0,0.8421052631578947,1.8713450292397662,2.1520467836257313,0.7485380116959065,1.4502923976608189,142.0,4275,26,0.0,0.0,0.0,1.289134438305709,1.841620626151013,1.4732965009208103,0.5524861878453038,1.841620626151013,88.5,543,4
211,0.0,0.0,0.0,0.21600938097883107,1.2281676232796395,1.4441770042584707,0.6850583225328644,1.314571375671172,297.0,16203,13,0.0,0.0,0.0,0.0,0.45126353790613716,0.9025270758122743,1.083032490974729,1.6245487364620936,272.0,1108,4
20,0.0,0.0,0.0,0.49916805324459235,4.658901830282862,5.490848585690515,1.0815307820299502,0.6655574043261231,213.5,1202,1,0.0,0.0,0.0,0.0,0.0,0.0,0.0,0.0,150.0,6,3
8,0.0,0.0,0.0,0.375,2.0,1.625,1.125,0.8750000000000001,244.5,800,3,0.0,0.0,0.0,0.9107468123861567,1.092896174863388,0.7285974499089253,0.36429872495446264,1.092896174863388,366.0,549,2
6,0.0,0.0,0.0,0.6172839506172839,0.0,1.2345679012345678,0.0,1.2345679012345678,161.5,324,139,2.877697841726619,0.0,0.0,0.6155029813425659,2.0003846893633392,3.6353144835545295,0.6155029813425659,1.2502404308520871,133.0,5199,2
4,0.0,0.0,0.0,0.0,0.0,0.0,0.0,1.6129032258064515,83.5,62,30,6.666666666666667,0.0,0.0,1.0719754977029097,1.8376722817764166,3.9816232771822357,0.6891271056661562,0.7656967840735069,165.0,1306,1
27,3.7037037037037033,0.0,0.0,1.4583333333333333,1.3194444444444444,0.9722222222222222,0.5555555555555556,1.1805555555555556,218.0,1440,19,5.263157894736842,0.0,0.0,1.0775862068965518,0.9698275862068966,1.7241379310344827,0.5387931034482759,2.1551724137931036,167.0,928,3
8,0.0,0.0,0.0,0.0,2.73972602739726,4.10958904109589,0.0,0.684931506849315,78.5,146,1,0.0,0.0,0.0,1.6666666666666667,1.6666666666666667,1.6666666666666667,0.0,3.3333333333333335,362.0,60,2
48,0.0,0.0,0.0,0.3027681660899654,1.578719723183391,1.6435986159169549,0.8217993079584774,1.6003460207612457,223.5,4624,1,0.0,0.0,0.0,0.0,0.0,0.0,0.0,0.0,38.0,5,3
24,0.0,0.0,0.0,0.3946329913180742,1.499605367008682,2.6835043409629047,1.2628255722178374,1.1049723756906076,191.0,1267,3,0.0,0.0,0.0,2.127659574468085,0.0,0.0,0.0,0.0,102.0,47,3
35,0.0,0.0,0.0,0.0945179584120983,1.3232514177693762,1.3232514177693762,1.3232514177693762,1.0396975425330812,109.0,1058,12,0.0,0.0,0.0,0.5163511187607573,1.0327022375215147,1.549053356282272,0.6884681583476765,1.376936316695353,266.0,581,3
14,0.0,0.0,0.0,1.4705882352941175,2.0588235294117645,4.705882352941177,0.29411764705882354,2.0588235294117645,44.0,340,3,33.33333333333333,0.0,0.0,2.9850746268656714,7.462686567164178,14.925373134328357,0.0,2.9850746268656714,102.0,67,2
2,0.0,0.0,0.0,0.0,0.0,0.0,0.0,0.0,39.5,12,173,2.312138728323699,0.0,0.0,0.6881948120698782,2.170460561143462,3.838009528851244,0.4499735309687666,2.2233986236103758,96.0,3778,1
8,0.0,0.0,0.0,1.7751479289940828,1.3806706114398422,2.564102564102564,0.7889546351084813,1.5779092702169626,156.5,507,7,0.0,0.0,0.0,0.0,0.0,1.1363636363636365,0.0,1.1363636363636365,34.0,88,2
60,0.0,0.0,0.0,0.8310249307479225,2.1237303785780237,2.723915050784857,0.554016620498615,0.7386888273314866,142.0,2166,63,0.0,0.0,0.0,0.17979144192736426,0.7071796715809661,0.8270406328658756,0.5753326141675656,1.0308042670502218,119.0,8343,3
103,2.912621359223301,0.0,0.0,1.0538373424971363,2.1305841924398625,3.940435280641466,0.38946162657502864,1.741122565864834,124.0,4365,10,0.0,0.0,0.0,0.6172839506172839,5.555555555555555,8.024691358024691,0.0,1.2345679012345678,79.5,162,4
324,0.30864197530864196,0.0,0.0,0.9499777348968383,2.3897877393498588,3.0725842363069615,0.9499777348968383,3.146801246845777,77.5,6737,37,0.0,0.0,0.0,1.0893246187363834,2.832244008714597,3.9215686274509802,0.8714596949891068,2.6143790849673203,51.0,459,4
1,0.0,0.0,0.0,0.0,0.0,0.0,0.0,0.0,34.0,6,12,0.0,0.0,0.0,0.0,1.9417475728155338,2.912621359223301,0.6472491909385114,1.9417475728155338,84.5,309,1
143,0.6993006993006993,0.0,0.0,0.2141744548286604,1.7718068535825544,2.6869158878504673,0.5646417445482865,1.4213395638629283,138.0,5136,60,0.0,0.0,0.0,0.2810567734682406,1.854974704890388,2.754356379988758,0.44969083754918493,0.7307476110174256,94.0,1779,4
21,0.0,0.0,0.0,1.1986301369863013,0.3424657534246575,0.5136986301369862,1.36986301369863,1.5410958904109588,68.0,584,2,0.0,0.0,0.0,1.3888888888888888,0.0,1.3888888888888888,1.3888888888888888,2.7777777777777777,200.0,72,3
3,0.0,0.0,0.0,0.0,0.0,7.142857142857142,0.0,0.0,48.0,28,6,0.0,0.0,0.0,2.051282051282051,1.0256410256410255,2.051282051282051,0.0,1.5384615384615385,161.5,195,1
12,0.0,0.0,0.0,0.6302521008403361,1.365546218487395,1.1554621848739497,0.10504201680672269,1.9957983193277309,207.0,952,2,0.0,0.0,0.0,0.0,2.857142857142857,2.857142857142857,2.857142857142857,5.714285714285714,102.5,35,2
12,0.0,0.0,0.0,1.3157894736842104,0.6578947368421052,1.9736842105263157,0.0,3.289473684210526,63.0,152,3,0.0,0.0,0.0,0.4784688995215311,2.8708133971291865,3.827751196172249,4.30622009569378,6.220095693779904,180.0,209,2
336,1.7857142857142856,0.0,0.0,0.3574313903101819,2.3184077166009747,3.3955982079467284,0.9596788013807623,1.5031703674688472,436.0,40847,15,6.666666666666667,0.0,0.0,0.0,2.2155085599194364,2.1148036253776437,1.1077542799597182,1.1077542799597182,152.0,993,4
6,0.0,0.0,0.0,1.0676156583629894,0.7117437722419928,0.0,0.0,0.7117437722419928,345.5,281,2,0.0,0.0,0.0,0.0,1.574803149606299,0.0,0.7874015748031495,1.574803149606299,347.5,127,2
1,0.0,0.0,0.0,0.0,0.0,0.0,0.0,0.0,21.0,2,1,0.0,0.0,0.0,3.7735849056603774,1.8867924528301887,1.8867924528301887,0.0,0.0,327.0,53,1
2,0.0,0.0,0.0,3.0303030303030303,0.0,1.5151515151515151,0.0,3.0303030303030303,205.0,66,3,0.0,0.0,0.0,0.0,0.0,3.9603960396039604,0.0,0.0,95.0,101,1
2,0.0,0.0,0.0,0.0,1.7543859649122806,1.4035087719298245,0.3508771929824561,0.0,808.0,285,48,0.0,0.0,0.0,0.49632352941176466,1.7830882352941175,2.3529411764705883,0.9742647058823529,0.8272058823529412,403.0,5440,1
21,14.285714285714285,0.0,0.0,0.1984126984126984,3.968253968253968,7.341269841269842,1.1904761904761905,1.7857142857142856,112.0,504,1,0.0,0.0,0.0,0.0,16.666666666666664,0.0,0.0,0.0,25.0,6,3
2,0.0,0.0,0.0,0.0,0.0,0.0,1.5873015873015872,0.0,178.5,63,1,0.0,0.0,0.0,0.0,0.0,0.0,0.0,8.333333333333332,72.0,12,1
4,0.0,0.0,0.0,0.7299270072992701,1.4598540145985401,0.7299270072992701,0.0,0.0,203.0,137,5,0.0,0.0,0.0,0.0,1.6129032258064515,3.225806451612903,0.0,0.0,79.0,124,1
1,0.0,0.0,0.0,0.0,2.0408163265306123,0.0,0.0,0.0,270.0,49,9,0.0,0.0,0.0,0.4524886877828055,2.262443438914027,1.3574660633484164,2.7149321266968327,0.904977375565611,129.0,221,1
8,0.0,0.0,0.0,0.6006006006006006,0.9009009009009009,1.2012012012012012,0.6006006006006006,2.4024024024024024,161.0,333,39,0.0,0.0,0.0,1.6129032258064515,1.5427769985974753,1.753155680224404,0.1402524544179523,1.6129032258064515,187.0,1426,2
4,0.0,0.0,0.0,0.0,0.0,0.0,0.0,0.0,163.5,86,24,0.0,0.0,0.0,3.683241252302026,0.7366482504604052,2.394106813996317,0.5524861878453038,2.209944751381215,71.0,543,1
54,0.0,0.0,0.0,0.714498362607919,1.6671628460851444,1.7267043763024708,0.4763322417386127,1.816016671628461,312.0,3359,48,0.0,0.0,0.0,0.625,1.7083333333333333,1.625,0.4583333333333333,3.2916666666666665,187.5,2400,3
227,0.0,0.0,0.0,0.17593407102180655,1.6528542988101302,2.0880596323903884,0.8194823834436779,1.3982128802259364,374.0,21599,39,0.0,0.0,0.0,0.4579077139837971,1.8316308559351884,2.3952095808383236,0.8453680873547023,1.479394152870729,239.0,2839,4
5,0.0,0.0,0.0,0.0,2.6415094339622645,1.509433962264151,0.0,0.0,387.0,265,2,0.0,0.0,0.0,1.5873015873015872,0.0,0.0,1.5873015873015872,0.0,149.0,63,2
68,1.4705882352941175,0.0,0.0,0.4828326180257511,2.521459227467811,3.7017167381974247,0.7510729613733905,3.165236051502146,112.5,1864,31,3.225806451612903,0.0,0.0,0.2857142857142857,3.8571428571428568,4.428571428571428,1.2857142857142856,5.142857142857142,97.0,700,4
54,5.555555555555555,0.0,0.0,2.3265651438240273,3.2148900169204735,4.737732656514383,0.5499153976311337,2.241962774957699,150.5,2364,1,0.0,0.0,0.0,0.0,0.0,0.0,0.0,0.0,103.0,23,3
3,0.0,0.0,0.0,0.5154639175257731,3.608247422680412,2.0618556701030926,0.0,3.0927835051546393,165.0,194,6,0.0,0.0,0.0,0.8547008547008548,2.3504273504273505,3.632478632478633,0.2136752136752137,3.632478632478633,386.5,468,1
5,0.0,0.0,0.0,1.89873417721519,1.89873417721519,5.063291139240507,0.0,1.2658227848101267,161.0,158,27,0.0,0.0,0.0,0.7532956685499058,3.295668549905838,3.389830508474576,0.6591337099811676,4.048964218455744,176.0,1062,2
42,0.0,0.0,0.0,0.28234086242299794,2.002053388090349,2.2843942505133468,0.5646817248459959,0.7700205338809034,289.5,3896,9,0.0,0.0,0.0,0.9501187648456058,1.66270783847981,1.187648456057007,0.0,0.9501187648456058,84.0,421,3
54,5.555555555555555,0.0,0.0,0.4900843400957374,2.5416001823569636,3.339411898791885,1.3790745384089353,2.062913152496011,432.5,8774,14,14.285714285714285,0.0,0.0,0.20020020020020018,2.002002002002002,2.902902902902903,1.951951951951952,1.0510510510510511,168.0,1998,3
169,0.0,0.0,0.0,0.817562452687358,2.0590461771385313,3.3308099924299777,0.7721423164269493,1.1960635881907646,159.0,6605,238,0.0,0.0,0.0,0.9532776273979051,2.3890784982935154,3.1305166529363304,0.38837236671766506,1.5064140284806402,152.5,8497,4
12,0.0,0.0,0.0,0.9287925696594427,1.238390092879257,1.8575851393188854,0.6191950464396285,2.786377708978328,101.0,323,218,0.45871559633027525,0.0,0.0,0.30307204849152775,1.446480231436837,1.9424163107866095,0.743904119024659,1.0607521697203472,71.0,7259,2
4,0.0,0.0,0.0,3.3333333333333335,0.8333333333333334,0.8333333333333334,4.166666666666666,0.0,199.5,120,1,0.0,0.0,0.0,0.0,0.0,0.0,0.0,1.639344262295082,325.0,61,1
3,0.0,0.0,0.0,0.0,0.0,2.631578947368421,0.0,2.631578947368421,55.0,38,13,0.0,0.0,0.0,1.1990407673860912,2.6378896882494005,2.3980815347721824,1.9184652278177456,0.7194244604316548,90.0,417,1
15,0.0,0.0,0.0,0.18726591760299627,1.8726591760299627,2.247191011235955,0.7490636704119851,2.0599250936329585,184.0,534,3,0.0,0.0,0.0,0.7936507936507936,2.380952380952381,3.968253968253968,0.0,4.761904761904762,241.0,126,2
18,0.0,0.0,0.0,0.23121387283236997,1.2716763005780347,1.7341040462427744,0.3468208092485549,0.6936416184971098,311.0,865,20,0.0,0.0,0.0,0.2098635886673662,2.308499475341028,3.147953830010493,0.944386149003148,1.3641133263378804,194.5,953,3
12,0.0,0.0,0.0,0.7320644216691069,3.6603221083455346,2.9282576866764276,0.5856515373352855,1.171303074670571,234.0,683,172,0.5813953488372093,0.0,0.0,0.583941605839416,1.897810218978102,2.148070907194995,0.813347236704901,1.105318039624609,73.0,4795,2
2,0.0,0.0,0.0,0.0,2.2222222222222223,0.0,0.0,1.4814814814814816,364.5,135,1,0.0,0.0,0.0,0.0,0.0,0.0,0.0,0.0,76.0,17,1
80,0.0,0.0,0.0,0.8651577383553264,2.1497858953071747,2.577995280957791,1.0137201782749279,1.7128375426024645,412.0,11443,8,0.0,0.0,0.0,1.9540229885057472,2.528735632183908,2.8735632183908044,0.9195402298850575,3.218390804597701,432.5,870,4
47,0.0,0.0,0.0,0.3145414952818776,1.2823614807645778,1.4517299782240503,0.26615049600774254,1.1613839825792402,373.0,4133,16,0.0,0.0,0.0,0.22701475595913734,1.5891032917139614,1.3053348467650396,0.681044267877412,1.1350737797956867,514.5,1762,3
11,0.0,0.0,0.0,0.46029919447640966,2.0713463751438432,3.222094361334868,0.34522439585730724,0.6904487917146145,297.0,869,56,0.0,0.0,0.0,1.2154696132596685,1.583793738489871,1.6206261510128914,0.3683241252302026,1.3996316758747698,198.0,2715,2
13,0.0,0.0,0.0,0.0,2.086677367576244,2.247191011235955,0.16051364365971107,1.7656500802568218,229.0,1246,5,0.0,0.0,0.0,0.0,0.7575757575757576,2.272727272727273,3.0303030303030303,0.0,163.0,132,2
8,0.0,0.0,0.0,2.2916666666666665,1.4583333333333333,1.875,0.0,3.75,333.0,480,1,0.0,0.0,0.0,18.181818181818183,0.0,9.090909090909092,0.0,0.0,60.0,11,2
61,0.0,0.0,0.0,0.47653958944281527,1.502932551319648,2.7492668621700878,0.4032258064516129,1.5395894428152492,205.0,2728,3,0.0,0.0,0.0,0.8403361344537815,1.680672268907563,1.680672268907563,0.8403361344537815,0.0,249.0,119,3
422,1.6587677725118484,0.0,0.0,0.9307359307359307,2.2510822510822512,2.2763347763347763,0.6926406926406926,0.753968253968254,541.0,27720,10,0.0,0.0,0.0,0.8968609865470852,2.242152466367713,1.7937219730941705,3.587443946188341,2.690582959641256,103.5,223,4
642,0.0,0.0,0.0,1.1923553267442144,2.163724228368829,1.8990262026761213,1.0806479030573837,0.9956531241652298,398.5,41179,65,0.0,0.0,0.0,0.20325203252032523,1.056910569105691,0.894308943089431,3.2926829268292686,1.5853658536585367,115.0,2460,4
3,0.0,0.0,0.0,1.8867924528301887,0.9433962264150944,1.257861635220126,2.20125786163522,2.20125786163522,765.0,318,7,0.0,0.0,0.0,1.3736263736263736,0.0,1.6483516483516485,0.27472527472527475,3.296703296703297,296.0,364,1
16,0.0,0.0,0.0,0.8004574042309892,1.3722126929674099,0.9719839908519153,0.22870211549456831,1.6009148084619784,373.5,1749,13,0.0,0.0,0.0,0.7710100231303008,0.6939090208172706,1.002313030069391,0.5397070161912104,1.5420200462606015,499.0,1297,2
27,3.7037037037037033,0.0,0.0,0.41841004184100417,2.259414225941423,2.3430962343096233,0.5857740585774058,1.6736401673640167,149.0,1195,17,0.0,0.0,0.0,0.0,1.933404940923738,1.3963480128893664,2.7926960257787328,0.966702470461869,266.0,931,3
21,0.0,0.0,0.0,0.8152173913043478,1.0869565217391304,1.358695652173913,0.2717391304347826,1.0869565217391304,58.0,368,1,0.0,0.0,0.0,0.0,10.714285714285714,0.0,0.0,0.0,157.0,28,3
199,0.0,0.0,0.0,0.769698197285801,0.9114847073121329,1.316589021673081,0.4051043143609479,1.7014381203159814,95.0,4937,4,0.0,0.0,0.0,3.7037037037037033,1.8518518518518516,1.8518518518518516,0.0,1.8518518518518516,63.5,54,4
143,0.0,0.0,0.0,0.17142857142857143,1.2190476190476192,1.2571428571428571,0.9333333333333335,1.3904761904761904,148.0,5250,65,0.0,0.0,0.0,0.4314063848144953,1.4955421340235837,1.610583836640782,0.3163646821972965,1.5243025596778832,202.0,3477,4
686,0.0,0.0,0.0,1.3250836475649266,1.696850602793563,1.5879759944766054,1.0621913006532475,1.160443995963673,147.5,37658,5,0.0,0.0,0.0,0.0,0.0,0.0,1.2195121951219512,1.2195121951219512,193.0,164,4
316,0.0,0.0,0.0,0.7612761276127613,1.7645764576457648,2.305830583058306,0.6512651265126512,1.1837183718371838,218.0,22725,296,1.3513513513513513,0.0,0.0,0.7257109004739337,1.8068720379146919,2.502962085308057,0.6072274881516588,1.4218009478672986,207.0,20256,4
6,0.0,0.0,0.0,0.1076426264800861,1.9375672766415502,3.013993541442411,1.7222820236813776,1.1840688912809472,800.5,929,1,0.0,0.0,0.0,0.0,4.0,0.0,2.0,0.0,256.0,50,2
13,0.0,0.0,0.0,2.1739130434782608,2.898550724637681,3.985507246376811,1.8115942028985508,1.4492753623188406,133.0,276,15,0.0,0.0,0.0,0.0,0.39370078740157477,1.574803149606299,2.7559055118110236,0.5905511811023622,113.0,508,2
10,0.0,0.0,0.0,0.5755395683453237,1.5827338129496402,2.302158273381295,0.7194244604316548,4.460431654676259,332.0,695,34,0.0,0.0,0.0,1.1210762331838564,2.197309417040359,2.7354260089686098,0.49327354260089684,1.9730941704035874,332.5,2230,2
91,1.098901098901099,0.0,0.0,1.244167962674961,1.7107309486780715,3.1104199066874028,0.8442568318151522,2.199511219728949,180.0,4501,2,0.0,0.0,0.0,1.5151515151515151,0.7575757575757576,3.0303030303030303,0.0,1.5151515151515151,370.5,132,4
8,0.0,0.0,0.0,0.9036144578313252,2.710843373493976,2.108433734939759,0.30120481927710846,1.8072289156626504,265.0,332,7,14.285714285714285,0.0,0.0,0.0,6.504065040650407,6.504065040650407,0.8130081300813009,1.6260162601626018,75.0,123,2
26,0.0,0.0,0.0,1.0596026490066226,1.3245033112582782,1.7880794701986755,0.06622516556291391,1.3245033112582782,182.0,1510,60,3.3333333333333335,0.0,0.0,0.5697050938337802,1.8431635388739944,2.1447721179624666,0.2680965147453083,1.1729222520107239,185.5,2984,3
58,0.0,0.0,0.0,0.7674597083653107,2.3023791250959325,3.453568687643899,0.6907137375287797,0.920951650038373,63.5,1303,20,0.0,0.0,0.0,1.6560509554140128,1.6560509554140128,2.67515923566879,1.2738853503184715,1.019108280254777,77.0,785,3
129,0.7751937984496124,0.0,0.0,0.5546995377503852,1.4997431946584487,1.5408320493066257,0.4519774011299435,1.8284540318438625,333.0,9735,145,0.6896551724137931,0.0,0.0,0.6405856783344772,1.464195836193091,1.292610386639213,0.4461221688400824,1.5900251658659346,236.0,8742,4
14,0.0,0.0,0.0,1.3915243516761544,1.8342820999367486,2.0872865275142316,0.5060088551549652,3.0360531309297913,426.5,1581,18,0.0,0.0,0.0,0.7694998251136761,1.0842952081147255,1.6789087093389297,0.8744316194473591,1.154249737670514,844.0,2859,2
162,0.0,0.0,0.0,0.6456241032998565,1.6658695998724695,1.8173122907699666,1.17168818747011,3.196237844731389,330.0,12546,97,0.0,0.0,0.0,0.7361162877376071,1.4629146477823332,1.9288110324263883,1.3883712262392842,2.720834886321282,461.0,10732,4
1,0.0,0.0,0.0,0.0,0.0,0.0,0.0,0.0,23.0,4,4,0.0,0.0,0.0,0.0,1.7241379310344827,1.7241379310344827,0.0,0.0,74.0,58,1
173,0.0,0.0,0.0,0.34548281223009153,1.2782864052513387,1.2610122646398343,0.9155294524097426,1.9347037484885126,125.0,5789,2,0.0,0.0,0.0,0.0,6.0,6.0,0.0,3.0,276.5,100,4
15,6.666666666666667,0.0,0.0,0.8403361344537815,2.100840336134454,4.141656662665065,0.900360144057623,0.9603841536614646,213.0,1666,5,0.0,0.0,0.0,2.0202020202020203,1.5151515151515151,1.0101010101010102,0.5050505050505051,2.0202020202020203,206.0,198,2
27,0.0,0.0,0.0,0.8399440037330844,2.9398040130657956,4.433037797480168,0.4199720018665422,1.5865608959402706,238.0,2143,236,0.847457627118644,0.0,0.0,0.5361072214442888,1.892378475695139,2.19243848769754,1.1362272454490898,1.8003600720144028,364.0,24995,3
9,0.0,0.0,0.0,1.5822784810126582,1.5822784810126582,2.5316455696202533,1.2658227848101267,4.430379746835443,139.0,316,1,0.0,0.0,0.0,1.4084507042253522,0.0,4.225352112676056,0.0,0.0,567.0,71,2
2,0.0,0.0,0.0,6.382978723404255,2.127659574468085,6.382978723404255,0.0,0.0,143.5,47,1,0.0,0.0,0.0,0.0,0.0,0.0,0.0,2.0,267.0,50,1
95,0.0,0.0,0.0,0.1857815209313847,1.5605647758236314,1.4119395590785238,0.8174386920980926,1.3871686896210056,292.0,8074,9,0.0,0.0,0.0,0.303951367781155,0.911854103343465,2.127659574468085,2.127659574468085,0.911854103343465,163.0,329,4
258,1.937984496124031,0.0,0.0,0.2543507362784471,1.7670682730923692,2.356091030789826,0.8701472556894244,1.3788487282463187,85.0,7470,1,0.0,0.0,0.0,0.0,0.0,0.0,0.0,0.0,30.0,6,4
15,0.0,0.0,0.0,0.6172839506172839,2.314814814814815,3.2407407407407405,0.9259259259259258,1.5432098765432098,162.0,648,4,0.0,0.0,0.0,4.3478260869565215,8.695652173913043,4.3478260869565215,0.0,0.0,30.0,23,2
1,0.0,0.0,0.0,2.941176470588235,0.0,5.88235294117647,0.0,2.941176470588235,177.0,34,1,0.0,0.0,0.0,1.6129032258064515,0.0,1.6129032258064515,1.6129032258064515,1.6129032258064515,351.0,62,1
13,0.0,0.0,0.0,0.3418803418803419,1.7094017094017095,2.735042735042735,2.905982905982906,1.8803418803418803,107.0,585,7,0.0,0.0,0.0,1.9801980198019802,1.9801980198019802,1.65016501650165,1.3201320132013201,1.65016501650165,188.0,303,2
2,0.0,0.0,0.0,0.0,0.9523809523809524,0.9523809523809524,0.0,0.9523809523809524,301.5,105,52,0.0,0.0,0.0,0.15128593040847202,1.4372163388804842,1.6641452344931922,0.45385779122541603,1.059001512859304,103.0,1322,1
6,16.666666666666664,0.0,0.0,0.18083182640144665,2.7124773960216997,4.701627486437613,0.3616636528028933,3.4358047016274864,264.5,553,72,2.7777777777777777,0.0,0.0,0.6791569086651055,2.716627634660422,4.8243559718969555,0.37470725995316156,2.1311475409836063,150.5,4270,2
58,0.0,0.0,0.0,0.40802448146888814,1.3600816048962938,1.4620877252635158,1.190071404284257,1.5300918055083303,193.5,2941,7,0.0,0.0,0.0,0.0,0.9174311926605505,0.9174311926605505,0.0,0.9174311926605505,226.0,327,3
1,0.0,0.0,0.0,0.0,0.0,0.0,0.0,0.0,123.0,22,3,0.0,0.0,0.0,0.0,1.1904761904761905,2.380952380952381,0.0,0.0,94.0,84,1
1,0.0,0.0,0.0,0.0,0.0,0.0,0.0,6.666666666666667,82.0,15,2,0.0,0.0,0.0,0.0,0.0,0.0,7.142857142857142,7.142857142857142,33.5,14,1
19,0.0,0.0,0.0,0.0,1.4760147601476015,2.952029520295203,0.7380073800738007,0.9225092250922509,95.0,542,1,0.0,0.0,0.0,0.0,0.0,0.0,0.0,0.0,48.0,7,3
31,0.0,0.0,0.0,0.8768267223382045,1.7954070981210855,2.1294363256784967,0.918580375782881,1.753653444676409,282.0,2395,105,0.9523809523809524,0.0,0.0,0.07469654528478058,2.091503267973856,2.5210084033613445,0.7563025210084033,1.1764705882352942,403.0,10710,3
3,0.0,0.0,0.0,0.0,0.5780346820809248,1.7341040462427744,0.5780346820809248,2.312138728323699,367.0,173,5,0.0,0.0,0.0,0.4761904761904762,2.619047619047619,4.0476190476190474,0.2380952380952381,3.0952380952380953,443.0,420,1
109,3.669724770642202,0.0,0.0,0.7964601769911505,2.1238938053097343,3.6283185840707963,0.28023598820059,2.3303834808259585,232.0,6780,12,8.333333333333332,0.0,0.0,0.929368029739777,2.41635687732342,4.83271375464684,0.37174721189591076,0.929368029739777,192.5,538,4
18,0.0,0.0,0.0,1.3829787234042552,2.2340425531914896,2.9787234042553195,0.7446808510638299,3.1914893617021276,183.5,940,17,0.0,0.0,0.0,0.2590673575129534,1.0362694300518136,0.7772020725388601,0.7772020725388601,0.2590673575129534,25.0,386,3
31,6.451612903225806,0.0,0.0,0.22446689113355783,3.0303030303030303,4.713804713804714,0.0,0.7856341189674524,90.0,891,10,0.0,0.0,0.0,1.3824884792626728,4.147465437788019,5.0691244239631335,0.0,2.3041474654377883,86.0,217,3
3,0.0,0.0,0.0,0.0,1.2195121951219512,3.048780487804878,0.0,0.0,352.0,164,4,0.0,0.0,0.0,0.0,0.0,1.8867924528301887,1.4150943396226416,1.4150943396226416,265.5,212,1
127,0.0,0.0,0.0,0.8587324625060474,1.8988872762457667,2.660861151427189,0.5321722302854378,2.080309627479439,256.0,8268,5,0.0,0.0,0.0,0.0,0.641025641025641,1.282051282051282,6.089743589743589,2.564102564102564,108.0,312,4
17,0.0,0.0,0.0,0.8021390374331552,1.6042780748663104,1.6042780748663104,0.8021390374331552,0.267379679144385,40.0,374,19,0.0,0.0,0.0,0.205761316872428,1.440329218106996,1.440329218106996,0.411522633744856,1.2345679012345678,77.0,486,2
4,0.0,0.0,0.0,1.2345679012345678,1.7832647462277091,2.05761316872428,0.5486968449931412,0.6858710562414266,454.5,729,222,0.9009009009009009,0.0,0.0,1.010280042538107,2.3041474654377883,3.1726338177951083,0.4431052818149593,1.5065579581708615,102.5,5642,1
102,0.0,0.0,0.0,0.5249818971759594,1.7559739319333818,1.7921795800144822,1.2309920347574221,1.448225923244026,173.0,5524,24,0.0,0.0,0.0,0.5267778753292361,1.0535557506584723,2.019315188762072,0.7901668129938543,2.633889376646181,176.0,1139,4
40,0.0,0.0,0.0,0.4398504508467121,2.3751924345722455,2.331207389487574,0.615790631185397,0.8577083791510886,542.0,4547,5,0.0,0.0,0.0,0.0,1.8315018315018317,0.3663003663003663,0.3663003663003663,0.3663003663003663,167.0,273,3
1,0.0,0.0,0.0,0.36496350364963503,0.7299270072992701,0.0,1.4598540145985401,0.7299270072992701,1613.0,274,646,1.7027863777089782,0.0,0.0,0.5153142691246915,2.326172158513572,3.0519669037596167,0.7766003774132675,1.2955436202641895,84.0,27556,1
4,0.0,0.0,0.0,0.6756756756756757,3.040540540540541,3.7162162162162162,0.33783783783783783,3.040540540540541,399.0,296,2,0.0,0.0,0.0,0.0,1.5625,4.6875,0.0,3.125,261.0,64,1
627,0.6379585326953748,0.0,0.0,0.9725765306122449,2.3118622448979593,2.627551020408163,0.8705357142857143,1.6645408163265305,131.0,31360,148,2.7027027027027026,0.0,0.0,0.9562242301956313,1.6931309764014388,2.166856741819458,0.5175892622159839,1.333450302658128,159.5,11399,4
18,0.0,0.0,0.0,1.4925373134328357,2.4875621890547266,2.4875621890547266,1.1608623548922055,0.9950248756218906,81.0,603,9,0.0,0.0,0.0,0.3448275862068966,1.0344827586206897,1.3793103448275863,0.3448275862068966,0.0,78.0,290,3
17,0.0,0.0,0.0,1.362088535754824,1.1350737797956867,2.2701475595913734,0.0,1.2485811577752552,230.0,881,1,0.0,0.0,0.0,0.0,1.342281879194631,1.342281879194631,0.0,0.0,751.0,149,2
65,0.0,0.0,0.0,0.704390702042733,1.361822023949284,1.8783752054472882,0.7513500821789153,0.5869922517022775,218.0,4259,9,0.0,0.0,0.0,1.13314447592068,1.13314447592068,1.9830028328611897,0.0,0.28328611898017,184.0,353,4
2,0.0,0.0,0.0,0.0,3.7735849056603774,5.660377358490567,0.0,0.0,172.5,53,1,0.0,0.0,0.0,0.0,0.0,0.0,0.0,0.0,78.0,15,1
61,0.0,0.0,0.0,0.4061371841155234,2.0306859205776173,2.572202166064982,0.5415162454873645,1.3537906137184115,342.0,4432,27,0.0,0.0,0.0,0.8821676118462508,1.7643352236925016,2.0793950850661624,0.315059861373661,1.1342155009451798,232.0,1587,3
277,0.36101083032490977,0.0,0.0,0.27480231058269305,1.845101228198082,2.0918624866805002,0.6056867253659357,1.3067130278728059,283.0,17831,136,0.7352941176470588,0.0,0.0,0.3488740881699968,1.728512527751348,1.871233745639074,0.5233111322549953,1.4430700919758959,190.0,6306,4
2,0.0,0.0,0.0,1.098901098901099,0.0,1.098901098901099,0.0,0.0,262.0,91,1,0.0,0.0,0.0,0.0,4.545454545454546,13.636363636363635,0.0,0.0,118.0,22,1
21,0.0,0.0,0.0,1.7208413001912046,2.48565965583174,2.676864244741874,1.5296367112810707,0.9560229445506693,116.0,523,4,0.0,0.0,0.0,0.0,0.0,0.0,0.0,2.7027027027027026,48.5,37,3
1,0.0,0.0,0.0,0.0,0.0,0.0,0.0,0.0,34.0,4,1,0.0,0.0,0.0,0.0,0.0,0.0,0.0,0.0,88.0,19,1
263,0.0,0.0,0.0,0.7034327518289252,2.0634027386981804,2.3353967360720316,0.8253610954792722,0.7315700619020821,178.0,10662,924,0.5411255411255411,0.0,0.0,1.0583453130421852,1.715163832845883,1.9977197243840776,1.0062955435483072,1.157487731125762,128.0,40346,4
8,0.0,0.0,0.0,0.4132231404958678,1.2396694214876034,3.71900826446281,0.4132231404958678,0.4132231404958678,137.5,242,35,0.0,0.0,0.0,0.9586578789694428,3.115638106650689,3.4751348112642297,0.4194128220491312,2.5164769322947875,156.0,1669,2
42,0.0,0.0,0.0,0.7692307692307693,1.2307692307692308,2.1923076923076925,0.576923076923077,0.9230769230769231,154.0,2600,9,0.0,0.0,0.0,1.2121212121212122,1.2121212121212122,2.4242424242424243,0.6060606060606061,0.9090909090909091,143.0,330,3
18,0.0,0.0,0.0,1.292743953294412,1.2510425354462051,1.3761467889908259,0.45871559633027525,0.9174311926605505,343.0,2398,24,0.0,0.0,0.0,0.8057296329453895,0.8057296329453895,1.0743061772605194,0.4476275738585497,0.8952551477170994,189.0,1117,3
4,0.0,0.0,0.0,0.9592326139088728,1.9184652278177456,2.158273381294964,0.4796163069544364,2.3980815347721824,508.5,417,1,0.0,0.0,0.0,0.0,0.0,0.0,0.0,0.0,20.0,2,1
91,0.0,0.0,0.0,0.5299633102323685,1.6306563391765185,2.405218100285365,0.36689767631471665,1.1414594374235632,124.0,2453,22,0.0,0.0,0.0,1.3489208633093526,1.7985611510791366,1.5287769784172662,0.44964028776978415,1.169064748201439,210.0,1112,4
28,0.0,0.0,0.0,0.603400987383434,1.5907844212835986,2.1393307734503564,0.32912781130005486,1.755348326933626,291.0,1823,168,1.1904761904761905,0.0,0.0,0.5325987144168962,1.854912764003673,3.1404958677685952,0.6244260789715336,1.891643709825528,128.5,5445,3
9,0.0,0.0,0.0,0.0,1.2096774193548387,2.0161290322580645,1.2096774193548387,1.6129032258064515,80.0,248,104,0.0,0.0,0.0,0.5181347150259068,1.0362694300518136,1.1917098445595855,0.7772020725388601,1.1139896373056994,121.0,3860,2
1,0.0,0.0,0.0,6.122448979591836,0.0,0.0,2.0408163265306123,2.0408163265306123,285.0,49,1,0.0,0.0,0.0,0.0,0.0,0.0,5.263157894736842,0.0,100.0,19,1
132,0.0,0.0,0.0,0.6471716203259827,1.9894534995206135,2.0613614573346117,1.1265580057526365,0.8389261744966443,136.5,4172,4,0.0,0.0,0.0,0.0,0.5154639175257731,0.5154639175257731,0.5154639175257731,1.0309278350515463,282.5,194,4
152,1.3157894736842104,0.0,0.0,0.8959537572254336,1.8786127167630058,3.236994219653179,0.7225433526011561,0.6647398843930636,79.5,3460,9,0.0,0.0,0.0,1.0526315789473684,2.1052631578947367,2.1052631578947367,0.0,0.0,34.0,95,4
8,0.0,0.0,0.0,0.8223684210526315,1.151315789473684,2.850877192982456,0.6030701754385964,1.4802631578947367,936.5,1824,28,0.0,0.0,0.0,1.5864621893178215,1.639344262295082,1.7451084082496033,1.0576414595452142,2.326811210999471,192.5,1891,2
43,2.3255813953488373,0.0,0.0,0.2657218777679362,1.5943312666076175,3.277236492471213,0.70859167404783,0.70859167404783,86.0,1129,1,0.0,0.0,0.0,0.0,0.0,0.0,0.0,0.0,22.0,4,3
33,0.0,0.0,0.0,0.3866745984533016,1.784651992861392,1.1600237953599049,0.8030933967876264,1.3682331945270672,286.0,3362,4,0.0,0.0,0.0,0.0,1.094890510948905,0.36496350364963503,1.094890510948905,0.7299270072992701,246.0,274,3
48,0.0,0.0,0.0,1.7152658662092626,0.6003430531732418,1.5437392795883362,0.34305317324185247,0.6861063464837049,81.0,1166,1,0.0,0.0,0.0,0.0,0.0,0.0,0.0,0.0,24.0,5,3
1,0.0,0.0,0.0,0.0,7.6923076923076925,11.538461538461538,0.0,7.6923076923076925,168.0,26,3,0.0,0.0,0.0,1.0582010582010581,1.0582010582010581,1.8518518518518516,1.3227513227513228,2.1164021164021163,210.0,378,1
1,0.0,0.0,0.0,0.0,0.0,0.0,0.0,7.6923076923076925,75.0,13,6,0.0,0.0,0.0,0.0,2.2222222222222223,5.185185185185185,0.0,1.8518518518518516,237.0,270,1
4,0.0,0.0,0.0,0.0,0.0,0.0,0.0,3.3333333333333335,111.5,90,5,0.0,0.0,0.0,0.8403361344537815,1.680672268907563,0.8403361344537815,1.680672268907563,0.0,117.0,119,1
16,0.0,0.0,0.0,2.4096385542168677,1.549053356282272,2.2375215146299485,0.6884681583476765,2.0654044750430294,172.5,581,2,0.0,0.0,0.0,0.0,0.7936507936507936,1.5873015873015872,0.0,0.0,348.5,126,2
15,0.0,0.0,0.0,0.4524886877828055,1.3574660633484164,2.48868778280543,0.0,1.583710407239819,132.0,442,3,0.0,0.0,0.0,0.0,1.2121212121212122,2.4242424242424243,0.0,1.2121212121212122,332.0,165,2
42,0.0,0.0,0.0,0.38910505836575876,1.556420233463035,1.297016861219196,1.6861219195849546,0.7133592736705577,121.5,1542,7,0.0,0.0,0.0,0.0,0.5813953488372093,2.3255813953488373,1.744186046511628,0.5813953488372093,76.0,172,3
70,0.0,0.0,0.0,0.8099094807050977,1.2863268222963316,1.7627441638875654,0.38113387327298714,1.3816102906145784,145.5,2099,1,0.0,0.0,0.0,0.0,0.0,0.0,0.0,0.0,50.0,10,4
135,0.0,0.0,0.0,1.1818778726198294,1.674326986211425,2.8644123440577807,1.4363099146421536,2.1011162179908074,222.0,12184,1,0.0,0.0,0.0,4.046242774566474,1.1560693641618496,1.7341040462427744,0.5780346820809248,0.5780346820809248,1075.0,173,4
13,0.0,0.0,0.0,0.41265474552957354,1.7881705639614855,1.7881705639614855,2.063273727647868,2.063273727647868,321.0,727,5,0.0,0.0,0.0,0.0,1.0714285714285714,0.7142857142857143,0.0,1.0714285714285714,346.0,280,2
117,0.0,0.0,0.0,0.5135191783693146,2.0540767134772584,2.137916579333473,0.9955984070425488,1.0060783902745756,266.0,9542,186,0.0,0.0,0.0,1.9064911484339537,2.511726433651082,3.4649720078680586,0.7111514601301255,0.9986382206082615,123.0,6609,4
2129,0.37576326914044156,0.0,0.0,0.9945427996581679,2.2077773516092347,2.1135716736984476,0.8417950219028201,0.8350660449091925,446.0,148611,159,0.628930817610063,0.0,0.0,0.9467302143111889,2.026391725837305,2.3311610414032358,0.6776253931199948,1.1704438608436274,135.0,30843,4
3,0.0,0.0,0.0,1.8018018018018018,2.7027027027027026,3.6036036036036037,0.9009009009009009,1.8018018018018018,213.0,111,2,0.0,0.0,0.0,0.0,2.2222222222222223,2.2222222222222223,0.0,4.444444444444445,135.5,45,1
127,5.511811023622047,0.0,0.0,1.092896174863388,2.848153667825799,4.2059943699287965,0.976982944196059,2.6328862394436165,227.0,6039,19,0.0,0.0,0.0,1.971830985915493,2.2535211267605635,3.8028169014084505,0.8450704225352111,3.2394366197183095,165.0,710,4
107,1.8691588785046727,0.0,0.0,0.39338309461367765,2.1686503933830945,1.9265684890054469,0.5043373007867662,1.6138793625176517,376.0,9914,4,0.0,0.0,0.0,0.9925558312655087,2.481389578163772,2.729528535980149,0.9925558312655087,0.24813895781637718,538.5,403,4
